Date,Open,High,Low,Close
2020-08-03,23.171195268071124,23.171195268071124,23.156376865107074,23.15822982788086
2020-08-04,23.23509645895072,23.458287499184973,23.152672295540192,23.230464935302734
2020-08-05,23.33789370143259,23.384198338112913,23.314739616683767,23.374937057495117
2020-08-06,23.300849415327182,23.54163742080682,23.300849415327182,23.459213256835938
2020-08-07,23.467548816407984,23.470327377319336,23.467548816407984,23.470327377319336
2020-08-10,23.520334243774414,23.520334243774414,23.520334243774414,23.520334243774414
2020-08-11,23.64350804723122,23.64350804723122,23.373085021972656,23.373085021972656
2020-08-12,23.67129146829039,23.69907531072673,23.63424811145064,23.638877868652344
2020-08-13,23.615723941844,23.62035369873047,23.615723941844,23.62035369873047
2020-08-14,23.615723487674437,23.6573983644855,23.560157574062536,23.596275329589844
2020-08-17,23.639802932739258,23.639802932739258,23.639802932739258,23.639802932739258
2020-08-18,23.645359668108018,23.662029266357422,23.606463350056526,23.662029266357422
2020-08-19,23.745379405322677,23.754640685922983,23.61850357055664,23.61850357055664
2020-08-20,23.52311610728249,23.715746521889127,23.52311610728249,23.65740203857422
2020-08-21,23.65740203857422,23.65740203857422,23.65740203857422,23.65740203857422
2020-08-24,23.884296417236328,23.884296417236328,23.8398429777199,23.884296417236328
2020-08-25,23.928748844853885,23.986167725505727,23.928748844853885,23.97227668762207
2020-08-26,24.097301876271434,24.199172433751347,24.097301876271434,24.17879867553711
2020-08-27,24.319566665131426,24.319566665131426,24.19917178261008,24.21213722229004
2020-08-28,24.3010454140479,24.331607818603516,24.3010454140479,24.331607818603516
2020-08-31,24.282521362294073,24.323270643732595,24.280670166015625,24.280670166015625
2020-09-01,24.282521634369633,24.375132675181028,24.282521634369633,24.373281478881836
2020-09-02,24.495528083385143,24.712236404418945,24.47700552154397,24.712236404418945
2020-09-03,24.58813748538516,24.58813748538516,23.88429779591219,23.98894691467285
2020-09-04,23.81020611384629,23.859291076660156,23.569419888820775,23.859291076660156
2020-09-08,23.328633551787735,23.33696746826172,23.328633551787735,23.33696746826172
2020-09-09,23.782424838795894,23.786128997802734,23.782424838795894,23.786128997802734
2020-09-10,23.773164169340756,23.773164169340756,23.409204483032227,23.409204483032227
2020-09-11,23.397165298461914,23.397165298461914,23.397165298461914,23.397165298461914
2020-09-14,23.66202953004322,23.708335932817192,23.650917053222656,23.650917053222656
2020-09-15,23.810206855159972,23.810206855159972,23.761123657226562,23.761123657226562
2020-09-16,23.791684950157386,23.791684950157386,23.687959671020508,23.687959671020508
2020-09-17,23.506446838378906,23.506446838378906,23.506446838378906,23.506446838378906
2020-09-18,23.504591782840574,23.504591782840574,23.27306506337583,23.32770538330078
2020-09-21,23.079509735107422,23.079509735107422,23.079509735107422,23.079509735107422
2020-09-22,23.29066276550293,23.29066276550293,23.29066276550293,23.29066276550293
2020-09-23,22.844276428222656,22.844276428222656,22.844276428222656,22.844276428222656
2020-09-24,23.03227772427176,23.078582359379112,22.914661407470703,22.914661407470703
2020-09-25,23.013754275323382,23.206384658813477,23.013754275323382,23.206384658813477
2020-09-28,23.439764229895992,23.504591427741342,23.439764229895992,23.48607063293457
2020-09-29,23.427725853264274,23.427725853264274,23.393459292097738,23.422168731689453
2020-09-30,23.476808533699707,23.609241485595703,23.476808533699707,23.609241485595703
2020-10-01,23.668514251708984,23.668514251708984,23.668514251708984,23.668514251708984
2020-10-02,23.48236656188965,23.48236656188965,23.48236656188965,23.48236656188965
2020-10-05,23.802799224853516,23.802799224853516,23.802799224853516,23.802799224853516
2020-10-06,23.56015968322754,23.56015968322754,23.56015968322754,23.56015968322754
2020-10-07,23.74537844623816,23.885221481323242,23.74537844623816,23.885221481323242
2020-10-08,24.036176681518555,24.036176681518555,24.036176681518555,24.036176681518555
2020-10-09,24.194541931152344,24.194541931152344,24.194541931152344,24.194541931152344
2020-10-12,24.521455764770508,24.521455764770508,24.521455764770508,24.521455764770508
2020-10-13,24.404767990112305,24.404767990112305,24.404767990112305,24.404767990112305
2020-10-14,24.27881622314453,24.27881622314453,24.27881622314453,24.27881622314453
2020-10-15,24.134343929683,24.22417640686035,24.134343929683,24.22417640686035
2020-10-16,24.282521866344076,24.282521866344076,24.226030349731445,24.226030349731445
2020-10-19,24.226030349731445,24.226030349731445,24.226030349731445,24.226030349731445
2020-10-20,24.00654411315918,24.00654411315918,24.00654411315918,24.00654411315918
2020-10-21,23.975980758666992,23.975980758666992,23.975980758666992,23.975980758666992
2020-10-22,24.05470085144043,24.05470085144043,24.05470085144043,24.05470085144043
2020-10-23,24.11582374572754,24.11582374572754,24.11582374572754,24.11582374572754
2020-10-26,23.746307373046875,23.746307373046875,23.746307373046875,23.746307373046875
2020-10-27,23.69907433249915,23.71944808959961,23.69907433249915,23.71944808959961
2020-10-28,23.04246711730957,23.04246711730957,23.04246711730957,23.04246711730957
2020-10-29,23.313814163208008,23.313814163208008,23.313814163208008,23.313814163208008
2020-10-30,22.97486114501953,22.97486114501953,22.97486114501953,22.97486114501953
2020-11-02,23.217500656003494,23.2462100982666,23.217500656003494,23.2462100982666
2020-11-03,23.598130528517558,23.6314697265625,23.598130528517558,23.6314697265625
2020-11-04,24.12508349834515,24.12508349834515,23.989871978759766,23.989871978759766
2020-11-05,24.384392704375276,24.384392704375276,24.36124038696289,24.36124038696289
2020-11-06,24.370500564575195,24.370500564575195,24.370500564575195,24.370500564575195
2020-11-09,24.615921020507812,24.615921020507812,24.615921020507812,24.615921020507812
2020-11-10,24.506639600014097,24.556650161743164,24.506639600014097,24.556650161743164
2020-11-11,24.70853042602539,24.70853042602539,24.70853042602539,24.70853042602539
2020-11-12,24.498306274414062,24.498306274414062,24.498306274414062,24.498306274414062
2020-11-13,24.787248611450195,24.787248611450195,24.787248611450195,24.787248611450195
2020-11-16,24.98636245727539,24.98636245727539,24.98636245727539,24.98636245727539
2020-11-17,24.93820571899414,24.93820571899414,24.93820571899414,24.93820571899414
2020-11-18,24.7316837310791,24.7316837310791,24.7316837310791,24.7316837310791
2020-11-19,24.62518094520955,24.8011417388916,24.62518094520955,24.8011417388916
2020-11-20,24.754836377314955,24.754836377314955,24.684452056884766,24.684452056884766
2020-11-23,24.767803192138672,24.767803192138672,24.767803192138672,24.767803192138672
2020-11-24,24.995624993771983,25.102127075195312,24.995624993771983,25.102127075195312
2020-11-25,25.04193107035744,25.0808273900331,25.04193107035744,25.06693458557129
2020-11-27,25.18084746759989,25.18084746759989,25.162324905395508,25.162324905395508
2020-11-30,25.00488689685863,25.015073776245117,25.00488689685863,25.015073776245117
2020-12-01,25.270679473876953,25.270679473876953,25.270679473876953,25.270679473876953
2020-12-02,25.299386978149414,25.299386978149414,25.299386978149414,25.299386978149414
2020-12-03,25.254934433648494,25.27345699474074,25.243820190429688,25.243820190429688
2020-12-04,25.4123733993435,25.442934036254883,25.4123733993435,25.442934036254883
2020-12-07,25.460529327392578,25.460529327392578,25.460529327392578,25.460529327392578
2020-12-08,25.52998924255371,25.52998924255371,25.52998924255371,25.52998924255371
2020-12-09,25.391071319580078,25.391071319580078,25.391071319580078,25.391071319580078
2020-12-10,25.393851906265215,25.393851906265215,25.358659744262695,25.358659744262695
2020-12-11,25.299386978149414,25.299386978149414,25.299386978149414,25.299386978149414
2020-12-14,25.347545744072207,25.347545744072207,25.25400733947754,25.25400733947754
2020-12-15,25.4642333984375,25.4642333984375,25.4642333984375,25.4642333984375
2020-12-16,25.53276824951172,25.53276824951172,25.53276824951172,25.53276824951172
2020-12-17,25.6346378326416,25.6346378326416,25.6346378326416,25.6346378326416
2020-12-18,25.59296417236328,25.59296417236328,25.59296417236328,25.59296417236328
2020-12-21,25.454973220825195,25.454973220825195,25.454973220825195,25.454973220825195
2020-12-22,25.4262638092041,25.4262638092041,25.4262638092041,25.4262638092041
2020-12-23,25.4262638092041,25.4262638092041,25.4262638092041,25.4262638092041
2020-12-24,25.460529327392578,25.460529327392578,25.460529327392578,25.460529327392578
2020-12-28,25.646677017211914,25.646677017211914,25.646677017211914,25.646677017211914
2020-12-29,25.60129737854004,25.60129737854004,25.60129737854004,25.60129737854004
2020-12-30,25.652231925812735,25.652231925812735,25.606852890054707,25.643898010253906
2020-12-31,25.597593971128727,25.77170181274414,25.588332690224668,25.77170181274414
2021-01-04,25.45682716369629,25.45682716369629,25.45682716369629,25.45682716369629
2021-01-05,25.5874080657959,25.5874080657959,25.5874080657959,25.5874080657959
2021-01-06,25.720766067504883,25.720766067504883,25.720766067504883,25.720766067504883
2021-01-07,26.005081235786854,26.030086517333984,26.005081235786854,26.030086517333984
2021-01-08,26.130104064941406,26.130104064941406,26.130104064941406,26.130104064941406
2021-01-11,25.989336013793945,25.989336013793945,25.989336013793945,25.989336013793945
2021-01-12,26.018970489501953,26.018970489501953,26.018970489501953,26.018970489501953
2021-01-13,26.061573028564453,26.061573028564453,26.061573028564453,26.061573028564453
2021-01-14,26.079169326090703,26.079169326090703,25.96988868713379,25.96988868713379
2021-01-15,25.821712493896484,25.821712493896484,25.821712493896484,25.821712493896484
2021-01-19,25.995819895968463,26.005081176757812,25.968037820009116,26.005081176757812
2021-01-20,26.34773987656458,26.34773987656458,26.255128840787254,26.305137634277344
2021-01-21,26.329218297219562,26.37552293362936,26.2921731749648,26.306991577148438
2021-01-22,26.250497817993164,26.250497817993164,26.250497817993164,26.250497817993164
2021-01-25,26.294025421142578,26.294025421142578,26.294025421142578,26.294025421142578
2021-01-26,26.273653065446425,26.273653065446425,26.26624298095703,26.26624298095703
2021-01-27,25.88468738198965,25.88468738198965,25.727249145507812,25.727249145507812
2021-01-28,25.94858741760254,25.94858741760254,25.94858741760254,25.94858741760254
2021-01-29,25.58277702331543,25.58277702331543,25.58277702331543,25.58277702331543
2021-02-01,25.86709213256836,25.86709213256836,25.86709213256836,25.86709213256836
2021-02-02,26.147701263427734,26.147701263427734,26.147701263427734,26.147701263427734
2021-02-03,26.172704696655273,26.172704696655273,26.172704696655273,26.172704696655273
2021-02-04,26.360708236694336,26.360708236694336,26.360708236694336,26.360708236694336
2021-02-05,26.464427947998047,26.464427947998047,26.464427947998047,26.464427947998047
2021-02-08,26.60149383544922,26.60149383544922,26.60149383544922,26.60149383544922
2021-02-09,26.60149383544922,26.60149383544922,26.60149383544922,26.60149383544922
2021-02-10,26.58019256591797,26.58019256591797,26.58019256591797,26.58019256591797
2021-02-11,26.625572204589844,26.625572204589844,26.625572204589844,26.625572204589844
2021-02-12,26.738557815551758,26.738557815551758,26.738557815551758,26.738557815551758
2021-02-16,26.72929573059082,26.72929573059082,26.72929573059082,26.72929573059082
2021-02-17,26.721885681152344,26.721885681152344,26.721885681152344,26.721885681152344
2021-02-18,26.619091033935547,26.619091033935547,26.619091033935547,26.619091033935547
2021-02-19,26.570005416870117,26.570005416870117,26.570005416870117,26.570005416870117
2021-02-22,26.417198181152344,26.417198181152344,26.417198181152344,26.417198181152344
2021-02-23,26.449613571166992,26.449613571166992,26.449613571166992,26.449613571166992
2021-02-24,26.616312114657433,26.695032119750977,26.616312114657433,26.695032119750977
2021-02-25,26.18196678161621,26.18196678161621,26.18196678161621,26.18196678161621
2021-02-26,26.13102912902832,26.13102912902832,26.13102912902832,26.13102912902832
2021-03-01,26.375523274926564,26.528331756591797,26.293100879737896,26.528331756591797
2021-03-02,26.431088612634007,26.431088612634007,26.310693740844727,26.310693740844727
2021-03-03,26.181041744156715,26.28383966366532,26.069908142089844,26.069908142089844
2021-03-04,25.93099256290453,26.079169521951293,25.57907272677065,25.747623443603516
2021-03-05,26.18659782409668,26.18659782409668,26.18659782409668,26.18659782409668
2021-03-08,26.388488544002342,26.388488544002342,26.134735107421875,26.134735107421875
2021-03-09,26.39497184753418,26.39497184753418,26.39497184753418,26.39497184753418
2021-03-10,26.514440536499023,26.514440536499023,26.514440536499023,26.514440536499023
2021-03-11,26.730222702026367,26.730222702026367,26.730222702026367,26.730222702026367
2021-03-12,26.766340255737305,26.766340255737305,26.766340255737305,26.766340255737305
2021-03-15,26.8848819732666,26.8848819732666,26.8848819732666,26.8848819732666
2021-03-16,26.870990753173828,26.870990753173828,26.870990753173828,26.870990753173828
2021-03-17,26.91636848449707,26.91636848449707,26.91636848449707,26.91636848449707
2021-03-18,26.61353302001953,26.61353302001953,26.61353302001953,26.61353302001953
2021-03-19,26.570005416870117,26.570005416870117,26.570005416870117,26.570005416870117
2021-03-22,26.739481418561294,26.7552254181805,26.70892078382418,26.742259979248047
2021-03-23,26.57093048095703,26.57093048095703,26.57093048095703,26.57093048095703
2021-03-24,26.607049873468483,26.607049873468483,26.478321075439453,26.478321075439453
2021-03-25,26.58019256591797,26.58019256591797,26.58019256591797,26.58019256591797
2021-03-26,26.745964979195374,26.88766098022461,26.68113778249426,26.88766098022461
2021-03-29,26.90618133544922,26.90618133544922,26.90618133544922,26.90618133544922
2021-03-30,26.798755645751953,26.798755645751953,26.798755645751953,26.798755645751953
2021-03-31,26.954341888427734,26.954341888427734,26.954341888427734,26.954341888427734
2021-04-01,27.111777669443015,27.170122146606445,27.111777669443015,27.170122146606445
2021-04-05,27.51648712158203,27.51648712158203,27.51648712158203,27.51648712158203
2021-04-06,27.556309366703623,27.556309366703623,27.469255447387695,27.469255447387695
2021-04-07,27.509078979492188,27.509078979492188,27.509078979492188,27.509078979492188
2021-04-08,27.681332933542198,27.681332933542198,27.614654541015625,27.614654541015625
2021-04-09,27.793394088745117,27.793394088745117,27.793394088745117,27.793394088745117
2021-04-12,27.708193041634164,27.79709815979004,27.708193041634164,27.79709815979004
2021-04-13,27.87489128112793,27.87489128112793,27.87489128112793,27.87489128112793
2021-04-14,27.76931381225586,27.76931381225586,27.76931381225586,27.76931381225586
2021-04-15,28.034181594848633,28.034181594848633,28.034181594848633,28.034181594848633
2021-04-16,28.122159957885742,28.122159957885742,28.122159957885742,28.122159957885742
2021-04-19,27.983243942260742,27.983243942260742,27.983243942260742,27.983243942260742
2021-04-20,27.8369197845459,27.8369197845459,27.8369197845459,27.8369197845459
2021-04-21,27.93138293140907,28.049924850463867,27.93138293140907,28.049924850463867
2021-04-22,27.83970069885254,27.83970069885254,27.83970069885254,27.83970069885254
2021-04-23,28.095304489135742,28.095304489135742,28.095304489135742,28.095304489135742
2021-04-26,28.19069450986818,28.19069450986818,28.107344747616764,28.126792907714844
2021-04-27,28.14809226989746,28.14809226989746,28.14809226989746,28.14809226989746
2021-04-28,28.11197280883789,28.11197280883789,28.11197280883789,28.11197280883789
2021-04-29,28.33887091284402,28.33887091284402,28.260150909423828,28.260150909423828
2021-04-30,28.13975664301372,28.13975664301372,28.090673446655273,28.090673446655273
2021-05-03,28.14809226989746,28.14809226989746,28.14809226989746,28.14809226989746
2021-05-04,27.985095977783203,27.985095977783203,27.985095977783203,27.985095977783203
2021-05-05,28.013805389404297,28.013805389404297,28.013805389404297,28.013805389404297
2021-05-06,28.193471908569336,28.193471908569336,28.193471908569336,28.193471908569336
2021-05-07,28.399995803833008,28.399995803833008,28.399995803833008,28.399995803833008
2021-05-10,28.159204483032227,28.159204483032227,28.159204483032227,28.159204483032227
2021-05-11,27.90359878540039,27.90359878540039,27.90359878540039,27.90359878540039
2021-05-12,27.414613723754883,27.414613723754883,27.414613723754883,27.414613723754883
2021-05-13,27.713747024536133,27.713747024536133,27.713747024536133,27.713747024536133
2021-05-14,28.061965942382812,28.061965942382812,28.061965942382812,28.061965942382812
2021-05-17,27.976762771606445,27.976762771606445,27.976762771606445,27.976762771606445
2021-05-18,27.80358123779297,27.80358123779297,27.80358123779297,27.80358123779297
2021-05-19,27.688745498657227,27.688745498657227,27.688745498657227,27.688745498657227
2021-05-20,27.961944580078125,27.961944580078125,27.961944580078125,27.961944580078125
2021-05-21,27.93971824645996,27.93971824645996,27.93971824645996,27.93971824645996
2021-05-24,28.21847608077557,28.25552120396081,28.17217144320271,28.181432723999023
2021-05-25,28.115678787231445,28.115678787231445,28.115678787231445,28.115678787231445
2021-05-26,28.150869369506836,28.150869369506836,28.150869369506836,28.150869369506836
2021-05-27,28.209214412891786,28.209214412891786,28.203659057617188,28.203659057617188
2021-05-28,28.241629032970135,28.241629032970135,28.219402313232422,28.219402313232422
2021-06-01,28.19254493713379,28.19254493713379,28.19254493713379,28.19254493713379
2021-06-02,28.224958419799805,28.224958419799805,28.224958419799805,28.224958419799805
2021-06-03,28.158280610215574,28.158280610215574,28.098083167805644,28.145315170288086
2021-06-04,28.357393176824296,28.36109733581543,28.357393176824296,28.36109733581543
2021-06-07,28.34164810180664,28.34164810180664,28.34164810180664,28.34164810180664
2021-06-08,28.34627914428711,28.34627914428711,28.34627914428711,28.34627914428711
2021-06-09,28.309236526489258,28.309236526489258,28.309236526489258,28.309236526489258
2021-06-10,28.410181045532227,28.410181045532227,28.410181045532227,28.410181045532227
2021-06-11,28.443519592285156,28.443519592285156,28.443519592285156,28.443519592285156
2021-06-14,28.484270095825195,28.484270095825195,28.484270095825195,28.484270095825195
2021-06-15,28.449077606201172,28.449077606201172,28.449077606201172,28.449077606201172
2021-06-16,28.20921403655124,28.329608917236328,28.20921403655124,28.329608917236328
2021-06-17,28.32682991027832,28.32682991027832,28.32682991027832,28.32682991027832
2021-06-18,28.02399253845215,28.02399253845215,28.02399253845215,28.02399253845215
2021-06-21,28.246258801444405,28.3231258392334,28.246258801444405,28.3231258392334
2021-06-22,28.45926284790039,28.45926284790039,28.45926284790039,28.45926284790039
2021-06-23,28.423145294189453,28.423145294189453,28.423145294189453,28.423145294189453
2021-06-24,28.565765380859375,28.565765380859375,28.565765380859375,28.565765380859375
2021-06-25,28.65374755859375,28.65374755859375,28.65374755859375,28.65374755859375
2021-06-28,28.704683303833008,28.704683303833008,28.704683303833008,28.704683303833008
2021-06-29,28.70005053685526,28.71394157409668,28.70005053685526,28.71394157409668
2021-06-30,28.75469207763672,28.75469207763672,28.75469207763672,28.75469207763672
2021-07-01,28.885273900604282,28.89453518131523,28.820446702036318,28.86212158203125
2021-07-02,29.06401252746582,29.06401252746582,29.06401252746582,29.06401252746582
2021-07-06,29.009370803833008,29.009370803833008,29.009370803833008,29.009370803833008
2021-07-07,29.094572067260742,29.094572067260742,29.094572067260742,29.094572067260742
2021-07-08,28.86397361755371,28.86397361755371,28.86397361755371,28.86397361755371
2021-07-09,29.1612548828125,29.1612548828125,29.1612548828125,29.1612548828125
2021-07-12,29.24738121032715,29.24738121032715,29.24738121032715,29.24738121032715
2021-07-13,29.153844833374023,29.153844833374023,29.153844833374023,29.153844833374023
2021-07-14,29.193666458129883,29.193666458129883,29.193666458129883,29.193666458129883
2021-07-15,29.09920310974121,29.09920310974121,29.09920310974121,29.09920310974121
2021-07-16,29.153844888048475,29.153844888048475,28.9102783203125,28.9102783203125
2021-07-19,28.607439650592703,28.607439650592703,28.42684909987106,28.499086380004883
2021-07-20,28.934356689453125,28.934356689453125,28.934356689453125,28.934356689453125
2021-07-21,29.098278045654297,29.098278045654297,29.098278045654297,29.098278045654297
2021-07-22,29.165884017944336,29.165884017944336,29.165884017944336,29.165884017944336
2021-07-23,29.408522779825667,29.431676864624023,29.408522779825667,29.431676864624023
2021-07-26,29.44093740761379,29.468719482421875,29.44093740761379,29.468719482421875
2021-07-27,29.15384303016872,29.35758766638509,29.15384303016872,29.336286544799805
2021-07-28,29.422415940361844,29.422415940361844,29.35295721794279,29.355735778808594
2021-07-29,29.552069630738064,29.570592191794315,29.52613875182277,29.52891731262207
2021-07-30,29.403892517089844,29.4687197140297,29.376108675654773,29.403892517089844
2021-08-02,29.52428556333639,29.52428556333639,29.338139655293336,29.357587814331055
2021-08-03,29.357588179208065,29.515026416121497,29.339065618063273,29.3853702545166
2021-08-04,29.468719415176636,29.561330452612356,29.32424662071498,29.422414779663086
2021-08-05,29.47798055962783,29.51502568099474,29.47798055962783,29.504837036132812
2021-08-06,29.56133240321888,29.589116246205503,29.554849683162878,29.57985496520996
2021-08-09,29.579854160992767,29.579854160992767,29.505765681451496,29.570592880249023
2021-08-10,29.579855264815407,29.60763734167469,29.533548859368683,29.56133270263672
2021-08-11,29.622452824049248,29.644677776781883,29.55206850783683,29.588186264038086
2021-08-12,29.626159819919323,29.681725739889217,29.589116462075644,29.668760299682617
2021-08-13,29.737291521398937,29.737291521398937,29.6900577545166,29.6900577545166
2021-08-16,29.681723888787644,29.774336693642912,29.63541925276865,29.7548885345459
2021-08-17,29.626158410981855,29.635419691604522,29.490946893426525,29.592819213867188
2021-08-18,29.59837410790941,29.644678743892552,29.403892517089844,29.403892517089844
2021-08-19,29.246454040248988,29.468719470668088,29.246454040248988,29.3649959564209
2021-08-20,29.55206960939966,29.616896806641083,29.524285767835345,29.57892608642578
2021-08-23,29.718771343791545,29.829903185524955,29.718771343791545,29.746553421020508
2021-08-24,29.802119080998665,29.802119080998665,29.77896499633789,29.77896499633789
2021-08-25,29.811378296441475,29.811378296441475,29.792855735461927,29.797487258911133
2021-08-26,29.774336460082058,29.774336460082058,29.644678534301768,29.676166534423828
2021-08-27,29.765073717191214,29.90399115839424,29.765073717191214,29.883617401123047
2021-08-30,29.931773777128186,30.004934891571057,29.931773777128186,29.98641586303711
2021-08-31,29.93547821044922,29.93547821044922,29.93547821044922,29.93547821044922
2021-09-01,29.941036705408546,29.970669977199158,29.936405181884766,29.936405181884766
2021-09-02,29.97807907705393,30.032721164171246,29.97807907705393,29.995676040649414
2021-09-03,29.941036420203986,29.997526168823242,29.941036420203986,29.997526168823242
2021-09-07,29.89472931507043,29.98734212387356,29.89472931507043,29.913251876831055
2021-09-08,29.8762059085853,29.92251407808625,29.8762059085853,29.890100479125977
2021-09-09,29.77433615927143,29.77433615927143,29.755813598632812,29.755813598632812
2021-09-10,29.618751525878906,29.618751525878906,29.618751525878906,29.618751525878906
2021-09-13,29.598376685537964,29.66042709350586,29.598376685537964,29.66042709350586
2021-09-14,29.792857214709745,29.792857214709745,29.542809694705248,29.55855369567871
2021-09-15,29.746553421020508,29.746553421020508,29.746553421020508,29.746553421020508
2021-09-16,29.74655168314983,29.765074244492855,29.717844009399414,29.717844009399414
2021-09-17,29.533547192461075,29.5428084730277,29.517803192138672,29.517803192138672
2021-09-20,29.033450818556904,29.12698745727539,29.014928257160914,29.12698745727539
2021-09-21,29.079756439769287,29.1501407623291,29.079756439769287,29.1501407623291
2021-09-22,29.3455488119748,29.38537072931174,29.320543530666175,29.359439849853516
2021-09-23,29.605785369873047,29.605785369873047,29.605785369873047,29.605785369873047
2021-09-24,29.61689812289607,29.69098837036035,29.61689812289607,29.637271881103516
2021-09-27,29.58911552977348,29.58911552977348,29.5668888092041,29.5668888092041
2021-09-28,29.172365961334165,29.22793187809467,29.127912521362305,29.127912521362305
2021-09-29,29.283500157776885,29.283500157776885,29.151992797851562,29.151992797851562
2021-09-30,28.95010012073342,28.95010012073342,28.942691802978516,28.942691802978516
2021-10-01,28.894532961613496,29.166807174682617,28.894532961613496,29.166807174682617
2021-10-04,28.883420944213867,28.883420944213867,28.883420944213867,28.883420944213867
2021-10-05,29.19088861047638,29.19088861047638,29.124208450317383,29.124208450317383
2021-10-06,29.17236715471527,29.197372436523438,29.126062516588735,29.197372436523438
2021-10-07,29.450197751533686,29.450197751533686,29.36684799194336,29.36684799194336
2021-10-08,29.345547256425732,29.376107891420677,29.329803256673696,29.344621658325195
2021-10-11,29.28350102986582,29.28350102986582,29.20755958557129,29.20755958557129
2021-10-12,29.255716227364516,29.255716227364516,29.155696868896484,29.155696868896484
2021-10-13,29.20941308774839,29.227933883666992,29.17236796309365,29.227933883666992
2021-10-14,29.422415921166486,29.607636236815313,29.422415921166486,29.570592880249023
2021-10-15,29.765073892341572,29.792855967618745,29.70024669481663,29.7326602935791
2021-10-18,29.786373854664475,29.799339294433594,29.786373854664475,29.799339294433594
2021-10-19,29.876205851973367,29.947519302368164,29.876205851973367,29.947519302368164
2021-10-20,30.042905983473823,30.042905983473823,29.968819269970954,30.035497665405273
2021-10-21,30.024382404481386,30.1021785736084,30.024382404481386,30.1021785736084
2021-10-22,30.085508346557617,30.085508346557617,30.085508346557617,30.085508346557617
2021-10-25,30.181821823120117,30.181821823120117,30.181821823120117,30.181821823120117
2021-10-26,30.283695460452233,30.283695460452233,30.24016761779785,30.24016761779785
2021-10-27,30.127180099487305,30.127180099487305,30.127180099487305,30.127180099487305
2021-10-28,30.251282155452007,30.28277015686035,30.251282155452007,30.28277015686035
2021-10-29,30.283695223656252,30.366119384765625,30.283695223656252,30.366119384765625
2021-11-01,30.404090881347656,30.404090881347656,30.404090881347656,30.404090881347656
2021-11-02,30.48929214477539,30.48929214477539,30.48929214477539,30.48929214477539
2021-11-03,30.44113006489034,30.633760452270508,30.42260750462489,30.633760452270508
2021-11-04,30.67358392116435,30.70970344543457,30.64487624762955,30.70970344543457
2021-11-05,30.797683715820312,30.797683715820312,30.797683715820312,30.797683715820312
2021-11-08,30.821760177612305,30.821760177612305,30.821760177612305,30.821760177612305
2021-11-09,30.73285675048828,30.73285675048828,30.73285675048828,30.73285675048828
2021-11-10,30.57819938659668,30.57819938659668,30.57819938659668,30.57819938659668
2021-11-11,30.55226690538749,30.580974578857422,30.55226690538749,30.580974578857422
2021-11-12,30.69118135424806,30.744897842407227,30.69118135424806,30.744897842407227
2021-11-15,30.72081756591797,30.72081756591797,30.72081756591797,30.72081756591797
2021-11-16,30.83843421936035,30.83843421936035,30.83843421936035,30.83843421936035
2021-11-17,30.78379213717805,30.78379213717805,30.77730941772461,30.77730941772461
2021-11-18,30.857879638671875,30.857879638671875,30.857879638671875,30.857879638671875
2021-11-19,30.86251097198645,30.86251097198645,30.820834327361286,30.822689056396484
2021-11-22,30.793051650904193,30.793051650904193,30.77730941772461,30.77730941772461
2021-11-23,30.784717559814453,30.784717559814453,30.784717559814453,30.784717559814453
2021-11-24,30.765272445002147,30.850473403930664,30.765272445002147,30.850473403930664
2021-11-26,30.30870246887207,30.30870246887207,30.30870246887207,30.30870246887207
2021-11-29,30.644876779054414,30.644876779054414,30.626354217529297,30.626354217529297
2021-11-30,30.160524368286133,30.160524368286133,30.160524368286133,30.160524368286133
2021-12-01,30.02438137856428,30.02438137856428,29.942886352539062,29.942886352539062
2021-12-02,30.311477110589752,30.3207401575695,30.187379837036133,30.187379837036133
2021-12-03,29.885468204865713,29.998451232910156,29.84194036369328,29.998451232910156
2021-12-06,30.280914306640625,30.280914306640625,30.280914306640625,30.280914306640625
2021-12-07,30.741191864013672,30.741191864013672,30.741191864013672,30.741191864013672
2021-12-08,30.83935689521584,30.8439884185791,30.83935689521584,30.8439884185791
2021-12-09,30.700443267822266,30.700443267822266,30.700443267822266,30.700443267822266
2021-12-10,30.88103485107422,30.88103485107422,30.88103485107422,30.88103485107422
2021-12-13,30.68655014038086,30.68655014038086,30.68655014038086,30.68655014038086
2021-12-14,30.495773315429688,30.495773315429688,30.495773315429688,30.495773315429688
2021-12-15,30.868066787719727,30.868066787719727,30.868066787719727,30.868066787719727
2021-12-16,30.6911808312304,30.705997467041016,30.6911808312304,30.705997467041016
2021-12-17,30.463359832763672,30.463359832763672,30.463359832763672,30.463359832763672
2021-12-20,30.181823431460366,30.200345993041992,30.144778308297113,30.200345993041992
2021-12-21,30.320739660599813,30.581899642944336,30.320739660599813,30.581899642944336
2021-12-22,30.805091857910156,30.805091857910156,30.805091857910156,30.805091857910156
2021-12-23,30.959753394580712,30.966236114501953,30.94863915105362,30.966236114501953
2021-12-27,31.258882522583008,31.258882522583008,31.258882522583008,31.258882522583008
2021-12-28,31.20053857248316,31.274628816396444,31.20053857248316,31.236658096313477
2021-12-29,31.302411903918117,31.302411903918117,31.26999830436197,31.292226791381836
2021-12-30,31.207021713256836,31.207021713256836,31.207021713256836,31.207021713256836
2021-12-31,31.182016605599237,31.209802214004743,31.117189407348633,31.117189407348633
2022-01-03,31.12645316575499,31.273704528808594,31.12645316575499,31.273704528808594
2022-01-04,31.22461956943767,31.29500389099121,31.22461956943767,31.29500389099121
2022-01-05,31.094035773725214,31.094035773725214,30.865285873413086,30.865285873413086
2022-01-06,30.806943893432617,30.806943893432617,30.806943893432617,30.806943893432617
2022-01-07,30.75230598449707,30.75230598449707,30.75230598449707,30.75230598449707
2022-01-10,30.6846981048584,30.6846981048584,30.6846981048584,30.6846981048584
2022-01-11,30.876403509635434,30.894926071166992,30.876403509635434,30.894926071166992
2022-01-12,30.97920036315918,30.97920036315918,30.97920036315918,30.97920036315918
2022-01-13,30.635616302490234,30.635616302490234,30.635616302490234,30.635616302490234
2022-01-14,30.598573272468894,30.670808792114258,30.598573272468894,30.670808792114258
2022-01-18,30.317959368304273,30.317959368304273,30.255908966064453,30.255908966064453
2022-01-19,30.200346462648007,30.26517366278305,30.07069206237793,30.07069206237793
2022-01-20,29.817861557006836,29.817861557006836,29.817861557006836,29.817861557006836
2022-01-21,29.562257130248657,29.61504625372676,29.441864013671875,29.441864013671875
2022-01-24,29.08901655307089,29.45297622680664,29.08901655307089,29.45297622680664
2022-01-25,29.126062224327256,29.403893583116055,29.079755820256658,29.237194061279297
2022-01-26,29.57985238703882,29.57985238703882,29.097350817600898,29.190887451171875
2022-01-27,29.45945714137369,29.45945714137369,29.02789173518211,29.101980209350586
2022-01-28,29.005665481545858,29.527063369750977,29.005665481545858,29.527063369750977
2022-01-31,29.783596403959844,29.954927444458008,29.783596403959844,29.954927444458008
2022-02-01,29.937330382857922,30.144777413909413,29.937330382857922,30.112363815307617
2022-02-02,30.305919647216797,30.305919647216797,30.305919647216797,30.305919647216797
2022-02-03,29.782670974731445,29.782670974731445,29.782670974731445,29.782670974731445
2022-02-04,29.936406978453366,30.03364778138451,29.907695770263672,29.907695770263672
2022-02-07,29.93177347633746,29.93177347633746,29.77896499633789,29.77896499633789
2022-02-08,29.774339326413394,29.99660301208496,29.746553716091256,29.99660301208496
2022-02-09,30.276287078857422,30.276287078857422,30.276287078857422,30.276287078857422
2022-02-10,29.99474846003775,29.99474846003775,29.928070068359375,29.928070068359375
2022-02-11,29.521509170532227,29.521509170532227,29.521509170532227,29.521509170532227
2022-02-14,29.515025905213474,29.515025905213474,29.22793151166478,29.418710708618164
2022-02-15,29.722475051879883,29.722475051879883,29.722475051879883,29.722475051879883
2022-02-16,29.62430708647565,29.77896499633789,29.62430708647565,29.77896499633789
2022-02-17,29.42241503908627,29.42241503908627,29.32887840270996,29.32887840270996
2022-02-18,29.274236758880786,29.274236758880786,29.163103164728543,29.188108444213867
2022-02-22,29.172368524312724,29.172368524312724,28.99085235595703,28.99085235595703
2022-02-23,29.082535196060224,29.093649439912078,28.638004302978516,28.638004302978516
2022-02-24,28.088821977841523,28.93621063232422,28.088821977841523,28.93621063232422
2022-02-25,28.950100133023522,29.3649959564209,28.940838852621646,29.3649959564209
2022-02-28,29.3112823073515,29.3112823073515,29.05197351226136,29.302021026611328
2022-03-01,29.264978848825663,29.264978848825663,28.94084107549833,28.977886199951172
2022-03-02,29.33906716506904,29.378889083862305,29.33906716506904,29.378889083862305
2022-03-03,29.376109829101996,29.40852342884464,29.181628230646147,29.233489990234375
2022-03-04,29.08901646639138,29.11680030822754,29.08901646639138,29.11680030822754
2022-03-07,28.8019258974552,28.8019258974552,28.55095100402832,28.55095100402832
2022-03-08,28.43148190399237,28.43148190399237,28.421293258666992,28.421293258666992
2022-03-09,28.894534294911335,28.894534294911335,28.87786293029785,28.87786293029785
2022-03-10,28.8408203125,28.8408203125,28.8408203125,28.8408203125
2022-03-11,28.576879501342773,28.576879501342773,28.576879501342773,28.576879501342773
2022-03-14,28.715794107782443,28.715794107782443,28.424997329711914,28.424997329711914
2022-03-15,28.644485755092887,28.8408203125,28.635224474429226,28.8408203125
2022-03-16,29.144584119602595,29.227933883666992,29.144584119602595,29.227933883666992
2022-03-17,29.408521920719753,29.479833602905273,29.408521920719753,29.479833602905273
2022-03-18,29.524287971144908,29.746553421020508,29.524287971144908,29.746553421020508
2022-03-21,29.754890154340544,29.756741350693243,29.61689830408025,29.73358726501465
2022-03-22,29.94751876833409,29.96881812356857,29.94751876833409,29.948444366455078
2022-03-23,29.788230069681507,29.788230069681507,29.746553421020508,29.746553421020508
2022-03-24,29.885469865204605,29.959556579589844,29.885469865204605,29.959556579589844
2022-03-25,29.9780793815911,30.08087730407715,29.9780793815911,30.08087730407715
2022-03-28,30.16330051852419,30.21516227722168,30.16330051852419,30.21516227722168
2022-03-29,30.4874377206551,30.492069244384766,30.33000124202143,30.492069244384766
2022-03-30,30.422609862564457,30.422609862564457,30.311478025175465,30.33926010131836
2022-03-31,30.302218249798365,30.302218249798365,30.154041290283203,30.154041290283203
2022-04-01,29.98734326038405,30.061429977416992,29.98734326038405,30.061429977416992
2022-04-04,30.163300987702375,30.250356674194336,30.163300987702375,30.250356674194336
2022-04-05,30.144779980138534,30.144779980138534,29.99660301208496,29.99660301208496
2022-04-06,29.749332025493228,29.842866897583008,29.749332025493228,29.842866897583008
2022-04-07,29.765073549053625,29.959555139385444,29.72802842723311,29.912324905395508
2022-04-08,29.89472769274596,29.901210412369505,29.852128982543945,29.852128982543945
2022-04-11,29.700246321287,29.714137358750882,29.477980889821705,29.540029525756836
2022-04-12,29.60763515568814,29.69098667933825,29.45019692161074,29.468719482421875
2022-04-13,29.41315328703812,29.673389434814453,29.41315328703812,29.673389434814453
2022-04-14,29.54280822352668,29.552069504015094,29.45760726928711,29.45760726928711
2022-04-18,29.413154426163068,29.4594590631358,29.385370584134225,29.420562744140625
2022-04-19,29.728028594368727,29.765073716397517,29.644678836212588,29.740068435668945
2022-04-20,29.747478485107422,29.747478485107422,29.747478485107422,29.747478485107422
2022-04-21,29.903991919680198,29.903991919680198,29.487243118278947,29.488168716430664
2022-04-22,29.200150121592312,29.200150121592312,28.976957321166992,28.976957321166992
2022-04-25,28.79266349252489,29.064939498901367,28.79266349252489,29.064939498901367
2022-04-26,28.718574185202375,28.755617541385423,28.57965850830078,28.57965850830078
2022-04-27,28.59817891658294,28.77413971369752,28.514830924695655,28.601884841918945
2022-04-28,28.70560830502691,28.999183654785156,28.70560830502691,28.999183654785156
2022-04-29,28.653745563114267,28.653745563114267,28.36016845703125,28.36016845703125
2022-05-02,28.144385617756562,28.50371551513672,28.144385617756562,28.50371551513672
2022-05-03,28.477786906983834,28.613924026489258,28.477786906983834,28.613924026489258
2022-05-04,28.542612751637435,29.117725372314453,28.505569396277302,29.117725372314453
2022-05-05,28.84822914892565,28.84822914892565,28.35739362979095,28.467599868774414
2022-05-06,28.36665233942776,28.41295874226454,28.36665233942776,28.375913619995117
2022-05-09,27.977687496300913,28.03325517992086,27.792467183460392,27.83877182006836
2022-05-10,28.12679202656909,28.12679202656909,27.829510746143153,27.88507843017578
2022-05-11,28.023992919480772,28.107342675587777,27.683185577392578,27.683185577392578
2022-05-12,27.60724505697973,27.6600341796875,27.449806819809876,27.6600341796875
2022-05-13,28.01473125829856,28.061035892657937,27.9776861376842,28.02399253845215
2022-05-16,28.139758136140703,28.139758136140703,28.051778617274223,28.059186935424805
2022-05-17,28.32034814822932,28.378692626953125,28.25552094964732,28.378692626953125
2022-05-18,27.720232009887695,27.720232009887695,27.720232009887695,27.720232009887695
2022-05-19,27.63502958527327,27.701709747314453,27.63502958527327,27.701709747314453
2022-05-20,27.773944905629953,27.773944905629953,27.338675311284607,27.695226669311523
2022-05-23,28.070300790103687,28.070300790103687,27.949907665409647,27.977689743041992
2022-05-24,27.85822105407715,27.85822105407715,27.85822105407715,27.85822105407715
2022-05-25,28.015656856391345,28.02399253845215,28.015656856391345,28.02399253845215
2022-05-26,28.3296096334322,28.36294883111254,28.3296096334322,28.342575073242188
2022-05-27,28.5796579254003,28.6593017578125,28.561135364482226,28.6593017578125
2022-05-31,28.653748093329103,28.71857529395876,28.570398330688477,28.570398330688477
2022-06-01,28.62596266628668,28.62596266628668,28.514830833187848,28.523164749145508
2022-06-02,28.616701519548595,28.759323120117188,28.616701519548595,28.759323120117188
2022-06-03,28.53335306016961,28.549097061157227,28.514832264662466,28.549097061157227
2022-06-06,28.633371740019516,28.6491157406324,28.542613661764168,28.61114501953125
2022-06-07,28.750986099243164,28.750986099243164,28.750986099243164,28.750986099243164
2022-06-08,28.709312875989124,28.709312875989124,28.608367919921875,28.608367919921875
2022-06-09,28.299047470092773,28.299047470092773,28.299047470092773,28.299047470092773
2022-06-10,27.829511759439843,27.983245844658757,27.829511759439843,27.8795223236084
2022-06-13,27.236804602086362,27.338676929383208,27.126598358154297,27.126598358154297
2022-06-14,27.042321602088297,27.09788752029289,27.042321602088297,27.0932559967041
2022-06-15,27.28310766527359,27.347936630249023,27.28310766527359,27.347936630249023
2022-06-16,26.75522851367026,26.829316997057305,26.690401311507696,26.707998275756836
2022-06-17,26.847838105130293,26.903404023058318,26.71818370782868,26.835798263549805
2022-06-21,27.35719785795237,27.40813225214993,27.287739135960475,27.34423065185547
2022-06-22,27.412765533374586,27.533158657283504,27.366459126941315,27.384056091308594
2022-06-23,27.329414469236696,27.542418629479275,27.329414469236696,27.533157348632812
2022-06-24,27.940645848560642,28.061038970947266,27.940645848560642,28.061038970947266
2022-06-27,28.10178627801938,28.135125474757537,28.014732360839844,28.014732360839844
2022-06-28,28.218474602994526,28.218474602994526,27.700780868530273,27.700780868530273
2022-06-29,27.65354986612937,27.7452335357666,27.65354986612937,27.7452335357666
2022-06-30,27.445177438338682,27.685965437682654,27.422025119757443,27.53408432006836
2022-07-01,27.41276327215676,27.799875259399414,27.41276327215676,27.799875259399414
2022-07-05,27.41276374243583,27.856369018554688,27.41276374243583,27.856369018554688
2022-07-06,27.95916813794219,27.95916813794219,27.947128295898438,27.947128295898438
2022-07-07,28.246258796952993,28.246258796952993,28.190692880799304,28.24070167541504
2022-07-08,28.227736835924453,28.329609156378144,28.227736835924453,28.286081314086914
2022-07-11,28.054555892944336,28.054555892944336,28.054555892944336,28.054555892944336
2022-07-12,28.116604581085898,28.116604581085898,27.91471290588379,27.91471290588379
2022-07-13,27.635029005120064,27.894339563341727,27.635029005120064,27.86377716064453
2022-07-14,27.384979956678652,27.7989501953125,27.384979956678652,27.7989501953125
2022-07-15,28.042516928665012,28.21384620666504,28.023994367149147,28.21384620666504
2022-07-18,28.081411361694336,28.081411361694336,28.081411361694336,28.081411361694336
2022-07-19,28.311087441805864,28.55650520324707,28.311087441805864,28.55650520324707
2022-07-20,28.616702083874372,28.668563842773438,28.616702083874372,28.668563842773438
2022-07-21,28.814889907836914,28.814889907836914,28.814889907836914,28.814889907836914
2022-07-22,28.738948822021484,28.738948822021484,28.738948822021484,28.738948822021484
2022-07-25,28.788959503173828,28.788959503173828,28.788959503173828,28.788959503173828
2022-07-26,28.616703033447266,28.616703033447266,28.616703033447266,28.616703033447266
2022-07-27,28.903795213634563,29.014928817749023,28.903795213634563,29.014928817749023
2022-07-28,29.079755783081055,29.079755783081055,29.079755783081055,29.079755783081055
2022-07-29,29.08901467502948,29.163103148954715,29.005664921062518,29.08438491821289
2022-08-01,29.078830960134983,29.200151445547824,29.024190638430962,29.035303115844727
2022-08-02,28.99640753336238,29.11680242365748,28.8945369720459,28.8945369720459
2022-08-03,29.079754165177302,29.28349879867438,29.079754165177302,29.27608871459961
2022-08-04,29.220523834228516,29.220523834228516,29.220523834228516,29.220523834228516
2022-08-05,29.089017363829644,29.227933044478856,29.089017363829644,29.22608184814453
2022-08-08,29.218672062917232,29.218672062917232,29.20755958557129,29.20755958557129
2022-08-09,29.11680003783575,29.11680003783575,29.106613159179688,29.106613159179688
2022-08-10,29.542810316609888,29.579855441188155,29.533549035465324,29.553924560546875
2022-08-11,29.544660568237305,29.544660568237305,29.544660568237305,29.544660568237305
2022-08-12,29.686356322304952,29.913251518725865,29.686356322304952,29.906768798828125
2022-08-15,29.8752813309999,29.98826789855957,29.8752813309999,29.98826789855957
2022-08-16,30.041978706328855,30.121626069953535,30.03179359436035,30.03179359436035
2022-08-17,29.811377052103566,29.92251241334203,29.802117538408922,29.867870330810547
2022-08-18,29.915102005004883,29.915102005004883,29.915102005004883,29.915102005004883
2022-08-19,29.6474609375,29.6474609375,29.6474609375,29.6474609375
2022-08-22,29.153843224396788,29.153843224396788,29.13532066345215,29.13532066345215
2022-08-23,29.155696868896484,29.155696868896484,29.155696868896484,29.155696868896484
2022-08-24,29.20292854309082,29.20292854309082,29.20292854309082,29.20292854309082
2022-08-25,29.492799758911133,29.492799758911133,29.492799758911133,29.492799758911133
2022-08-26,29.028820144559585,29.028820144559585,28.788959503173828,28.788959503173828
2022-08-29,28.66300923270001,28.66300923270001,28.652820587158203,28.652820587158203
2022-08-30,28.488899494943233,28.488899494943233,28.311087493982463,28.395362854003906
2022-08-31,28.38517650478786,28.38517650478786,28.209215696880744,28.290714263916016
2022-09-01,28.29534339904785,28.29534339904785,28.29534339904785,28.29534339904785
2022-09-02,28.274043131858647,28.274043131858647,27.98694873283364,28.082338333129883
2022-09-06,27.99435806274414,27.99435806274414,27.99435806274414,27.99435806274414
2022-09-07,28.338872226870695,28.400920867919922,28.338872226870695,28.400920867919922
2022-09-08,28.5250186920166,28.5250186920166,28.5250186920166,28.5250186920166
2022-09-09,28.746358614314836,28.861194610595703,28.746358614314836,28.861194610595703
2022-09-12,28.894536207024487,29.06401252746582,28.894536207024487,29.06401252746582
2022-09-13,28.150869369506836,28.150869369506836,28.150869369506836,28.150869369506836
2022-09-14,28.197175979614258,28.197175979614258,28.197175979614258,28.197175979614258
2022-09-15,28.008249282836914,28.008249282836914,28.008249282836914,28.008249282836914
2022-09-16,27.868408203125,27.868408203125,27.868408203125,27.868408203125
2022-09-19,27.885078176122743,27.999914169311523,27.866555614947288,27.999914169311523
2022-09-20,27.785985946655273,27.785985946655273,27.785985946655273,27.785985946655273
2022-09-21,27.475736618041992,27.475736618041992,27.475736618041992,27.475736618041992
2022-09-22,27.325708389282227,27.325708389282227,27.325708389282227,27.325708389282227
2022-09-23,26.90340491645396,26.92378044128418,26.90340491645396,26.92378044128418
2022-09-26,26.722813785733397,26.76726722717285,26.722813785733397,26.76726722717285
2022-09-27,26.6765079498291,26.6765079498291,26.6765079498291,26.6765079498291
2022-09-28,26.949710882015456,27.107149124145508,26.940449601136194,27.107149124145508
2022-09-29,26.574636555288116,26.67465591430664,26.574636555288116,26.67465591430664
2022-09-30,26.4773966930795,26.4773966930795,26.394046929882958,26.415348052978516
2022-10-03,26.736705465159755,26.88766098022461,26.718182904271256,26.88766098022461
2022-10-04,27.456289291381836,27.456289291381836,27.456289291381836,27.456289291381836
2022-10-05,27.27199398101507,27.41090965270996,27.264585663337865,27.41090965270996
2022-10-06,27.242358444272718,27.242358444272718,27.229393005371094,27.229393005371094
2022-10-07,26.6765079498291,26.6765079498291,26.6765079498291,26.6765079498291
2022-10-10,26.532962799072266,26.532962799072266,26.532962799072266,26.532962799072266
2022-10-11,26.429237365722656,26.429237365722656,26.429237365722656,26.429237365722656
2022-10-12,26.39404580327403,26.39404580327403,26.392192840576172,26.392192840576172
2022-10-13,26.882104873657227,26.882104873657227,26.882104873657227,26.882104873657227
2022-10-14,26.421829616749527,26.421829616749527,26.420902252197266,26.420902252197266
2022-10-17,26.920074462890625,26.920074462890625,26.920074462890625,26.920074462890625
2022-10-18,27.088627365644783,27.116411209106445,27.04232272628411,27.116411209106445
2022-10-19,26.996015548706055,26.996015548706055,26.996015548706055,26.996015548706055
2022-10-20,26.863582611083984,26.863582611083984,26.863582611083984,26.863582611083984
2022-10-21,27.29051971435547,27.29051971435547,27.29051971435547,27.29051971435547
2022-10-24,27.515562057495117,27.515562057495117,27.515562057495117,27.515562057495117
2022-10-25,27.82395362854004,27.82395362854004,27.82395362854004,27.82395362854004
2022-10-26,27.718378094711063,27.718378094711063,27.67207169271406,27.689668655395508
2022-10-27,27.644291276489117,27.644291276489117,27.54705047607422,27.54705047607422
2022-10-28,28.027698516845703,28.027698516845703,28.027698516845703,28.027698516845703
2022-10-31,27.892488479614258,27.892488479614258,27.892488479614258,27.892488479614258
2022-11-01,27.829510862528334,27.852664947509766,27.82025134822618,27.852664947509766
2022-11-02,27.662812273913215,27.97768697653324,27.388683319091797,27.388683319091797
2022-11-03,27.259955248129064,27.259955248129064,27.16549301147461,27.16549301147461
2022-11-04,27.39423942565918,27.39423942565918,27.39423942565918,27.39423942565918
2022-11-07,27.602615356445312,27.602615356445312,27.602615356445312,27.602615356445312
2022-11-08,27.588724684775297,27.71282196044922,27.588724684775297,27.71282196044922
2022-11-09,27.422025886497224,27.422025886497224,27.25532636179738,27.303483963012695
2022-11-10,28.29256469202997,28.35646629333496,28.29256469202997,28.35646629333496
2022-11-11,28.52686882019043,28.52686882019043,28.52686882019043,28.52686882019043
2022-11-14,28.570397605404708,28.570397605404708,28.37128448486328,28.37128448486328
2022-11-15,28.533350376153084,28.533350376153084,28.511123657226562,28.511123657226562
2022-11-16,28.389808654785156,28.389808654785156,28.389808654785156,28.389808654785156
2022-11-17,28.32497759791724,28.32497759791724,28.29349136352539,28.29349136352539
2022-11-18,28.264783031118732,28.387954711914062,28.264783031118732,28.387954711914062
2022-11-21,28.274044429299515,28.355541229248047,28.274044429299515,28.355541229248047
2022-11-22,28.53520477635238,28.61948013305664,28.53520477635238,28.61948013305664
2022-11-23,28.68152797626097,28.737095658043845,28.658375658722406,28.71394157409668
2022-11-25,28.681529313045743,28.722278594970703,28.681529313045743,28.722278594970703
2022-11-28,28.389808654785156,28.389808654785156,28.389808654785156,28.389808654785156
2022-11-29,28.36480140686035,28.36480140686035,28.36480140686035,28.36480140686035
2022-11-30,28.45000131878361,28.95380401611328,28.45000131878361,28.95380401611328
2022-12-01,28.931579794385122,28.977886199951172,28.903795951045492,28.977886199951172
2022-12-02,28.764878052578574,28.963991165161133,28.764878052578574,28.963991165161133
2022-12-05,28.589845657348633,28.589845657348633,28.589845657348633,28.589845657348633
2022-12-06,28.190694906526364,28.312013626098633,28.190694906526364,28.312013626098633
2022-12-07,28.27033805847168,28.27033805847168,28.27033805847168,28.27033805847168
2022-12-08,28.394437789916992,28.394437789916992,28.394437789916992,28.394437789916992
2022-12-09,28.366653407090645,28.431482373502167,28.29163932800293,28.29163932800293
2022-12-12,28.549097061157227,28.549097061157227,28.549097061157227,28.549097061157227
2022-12-13,28.732465744018555,28.732465744018555,28.732465744018555,28.732465744018555
2022-12-14,28.61948013305664,28.61948013305664,28.61948013305664,28.61948013305664
2022-12-15,28.099931716918945,28.099931716918945,28.099931716918945,28.099931716918945
2022-12-16,27.941570281982422,27.941570281982422,27.941570281982422,27.941570281982422
2022-12-19,27.72764015197754,27.72764015197754,27.72764015197754,27.72764015197754
2022-12-20,27.74616050720215,27.74616050720215,27.74616050720215,27.74616050720215
2022-12-21,28.03325653076172,28.03325653076172,28.03325653076172,28.03325653076172
2022-12-22,27.755420684814453,27.755420684814453,27.755420684814453,27.755420684814453
2022-12-23,27.875816345214844,27.875816345214844,27.875816345214844,27.875816345214844
2022-12-27,27.82951208305671,27.82951208305671,27.810991287231445,27.810991287231445
2022-12-28,27.617431640625,27.617431640625,27.617431640625,27.617431640625
2022-12-29,27.95128059387207,27.95128059387207,27.95128059387207,27.95128059387207
2022-12-30,27.79319139876159,27.87688636779785,27.79319139876159,27.87688636779785
2023-01-03,27.92617228933065,27.92617228933065,27.805278778076172,27.805278778076172
2023-01-04,27.920594575246916,27.93547435097284,27.91129493713379,27.91129493713379
2023-01-05,27.740183259055517,27.80527894686873,27.740183259055517,27.74297332763672
2023-01-06,27.80528047229443,28.17818832397461,27.80528047229443,28.17818832397461
2023-01-09,28.160518646240234,28.160518646240234,28.160518646240234,28.160518646240234
2023-01-10,28.281410217285156,28.281410217285156,28.281410217285156,28.281410217285156
2023-01-11,28.50552749633789,28.50552749633789,28.50552749633789,28.50552749633789
2023-01-12,28.521336746826663,28.59573207640165,28.521336746826663,28.588293075561523
2023-01-13,28.681283950805664,28.681283950805664,28.681283950805664,28.681283950805664
2023-01-17,28.633859634399414,28.633859634399414,28.633859634399414,28.633859634399414
2023-01-18,28.329769134521484,28.329769134521484,28.329769134521484,28.329769134521484
2023-01-19,28.186555568023707,28.21817398071289,28.186555568023707,28.21817398071289
2023-01-20,28.33534564355008,28.529705047607422,28.33534564355008,28.529705047607422
2023-01-23,28.78730010986328,28.78730010986328,28.78730010986328,28.78730010986328
2023-01-24,28.716623052655464,28.772420878635618,28.716623052655464,28.75847053527832
2023-01-25,28.539936145528852,28.750102996826172,28.539936145528852,28.750102996826172
2023-01-26,28.837516654552676,28.968637466430664,28.837516654552676,28.968637466430664
2023-01-27,29.03187370300293,29.03187370300293,29.03187370300293,29.03187370300293
2023-01-30,28.791017532348633,28.791017532348633,28.791017532348633,28.791017532348633
2023-01-31,29.033735275268555,29.033735275268555,29.033735275268555,29.033735275268555
2023-02-01,29.24669075012207,29.24669075012207,29.24669075012207,29.24669075012207
2023-02-02,29.52753448486328,29.52753448486328,29.52753448486328,29.52753448486328
2023-02-03,29.302488327026367,29.302488327026367,29.302488327026367,29.302488327026367
2023-02-06,29.20949431303872,29.2392520904541,29.20949431303872,29.2392520904541
2023-02-07,29.339685315473286,29.498706817626953,29.339685315473286,29.498706817626953
2023-02-08,29.330388681982054,29.330388681982054,29.265291213989258,29.265291213989258
2023-02-09,29.11185073852539,29.11185073852539,29.11185073852539,29.11185073852539
2023-02-10,29.131378173828125,29.131378173828125,29.131378173828125,29.131378173828125
2023-02-13,29.347126007080078,29.347126007080078,29.347126007080078,29.347126007080078
2023-02-14,29.400131225585938,29.400131225585938,29.400131225585938,29.400131225585938
2023-02-15,29.34898292336292,29.39548110961914,29.34898292336292,29.39548110961914
2023-02-16,29.32108696669564,29.35456424316938,29.165786743164062,29.165786743164062
2023-02-17,29.109060287475586,29.109060287475586,29.109060287475586,29.109060287475586
2023-02-21,28.759401321411133,28.759401321411133,28.759401321411133,28.759401321411133
2023-02-22,28.697093963623047,28.697093963623047,28.697093963623047,28.697093963623047
2023-02-23,28.83751678466797,28.83751678466797,28.83751678466797,28.83751678466797
2023-02-24,28.567833289938104,28.632930755615234,28.567833289938104,28.632930755615234
2023-02-27,28.703603744506836,28.703603744506836,28.703603744506836,28.703603744506836
2023-02-28,28.69988441467285,28.69988441467285,28.69988441467285,28.69988441467285
2023-03-01,28.5938720703125,28.5938720703125,28.5938720703125,28.5938720703125
2023-03-02,28.725922437160825,28.741731643676758,28.725922437160825,28.741731643676758
2023-03-03,28.947249647513786,29.02443504333496,28.947249647513786,29.02443504333496
2023-03-06,29.05326271057129,29.05326271057129,29.05326271057129,29.05326271057129
2023-03-07,28.782649993896484,28.782649993896484,28.782649993896484,28.782649993896484
2023-03-08,28.815196990966797,28.815196990966797,28.815196990966797,28.815196990966797
2023-03-09,28.47762680053711,28.47762680053711,28.47762680053711,28.47762680053711
2023-03-10,28.153078544661113,28.176326751708984,28.153078544661113,28.176326751708984
2023-03-13,28.195854950569156,28.195854950569156,28.14284896850586,28.14284896850586
2023-03-14,28.501807065211278,28.501807065211278,28.40044403076172,28.40044403076172
2023-03-15,28.219104766845703,28.219104766845703,28.219104766845703,28.219104766845703
2023-03-16,28.613399505615234,28.613399505615234,28.613399505615234,28.613399505615234
2023-03-17,28.38463592529297,28.38463592529297,28.38463592529297,28.38463592529297
2023-03-20,28.57155418395996,28.57155418395996,28.57155418395996,28.57155418395996
2023-03-21,28.831937789916992,28.831937789916992,28.831937789916992,28.831937789916992
2023-03-22,28.59480094909668,28.59480094909668,28.59480094909668,28.59480094909668
2023-03-23,28.660827214551,28.698025765482377,28.530635833740234,28.530635833740234
2023-03-24,28.669198989868164,28.669198989868164,28.669198989868164,28.669198989868164
2023-03-27,28.744522094726562,28.744522094726562,28.744522094726562,28.744522094726562
2023-03-28,28.701745986938477,28.701745986938477,28.701745986938477,28.701745986938477
2023-03-29,28.977006912231445,28.977006912231445,28.977006912231445,28.977006912231445
2023-03-30,29.065351486206055,29.065351486206055,29.065351486206055,29.065351486206055
2023-03-31,29.25598907470703,29.25598907470703,29.25598907470703,29.25598907470703
2023-04-03,29.339685440063477,29.339685440063477,29.339685440063477,29.339685440063477
2023-04-04,29.27366065979004,29.27366065979004,29.27366065979004,29.27366065979004
2023-04-05,29.190893173217773,29.190893173217773,29.190893173217773,29.190893173217773
2023-04-06,29.265291213989258,29.265291213989258,29.265291213989258,29.265291213989258
2023-04-10,29.153696321600652,29.301557540893555,29.153696321600652,29.301557540893555
2023-04-11,29.31829833984375,29.31829833984375,29.31829833984375,29.31829833984375
2023-04-12,29.232742309570312,29.232742309570312,29.232742309570312,29.232742309570312
2023-04-13,29.4801082611084,29.4801082611084,29.4801082611084,29.4801082611084
2023-04-14,29.429889678955078,29.429889678955078,29.429889678955078,29.429889678955078
2023-04-17,29.478246688842773,29.478246688842773,29.478246688842773,29.478246688842773
2023-04-18,29.479177474975586,29.479177474975586,29.479177474975586,29.479177474975586
2023-04-19,29.451278686523438,29.451278686523438,29.451278686523438,29.451278686523438
2023-04-20,29.3778133392334,29.3778133392334,29.3778133392334,29.3778133392334
2023-04-21,29.41872931588503,29.41872931588503,29.39548110961914,29.39548110961914
2023-04-24,29.42245101928711,29.42245101928711,29.42245101928711,29.42245101928711
2023-04-25,29.16485595703125,29.16485595703125,29.16485595703125,29.16485595703125
2023-04-26,29.08860206604004,29.08860206604004,29.08860206604004,29.08860206604004
2023-04-27,29.125797412083543,29.418729782104492,29.125797412083543,29.418729782104492
2023-04-28,29.547992706298828,29.547992706298828,29.547992706298828,29.547992706298828
2023-05-01,29.627967875943874,29.627967875943874,29.57961082458496,29.57961082458496
2023-05-02,29.451279024796268,29.460578662636536,29.37130355834961,29.37130355834961
2023-05-03,29.348982829599166,29.414078516425466,29.243900299072266,29.243900299072266
2023-05-04,29.13509742052939,29.13509742052939,29.097900644185657,29.114639282226562
2023-05-05,29.321087810998783,29.479178107742815,29.321087810998783,29.426170349121094
2023-05-08,29.43453958297619,29.43453958297619,29.428030014038086,29.428030014038086
2023-05-09,29.404783924488125,29.404783924488125,29.36200523376465,29.36200523376465
2023-05-10,29.423379690687305,29.460578241516647,29.35828400046049,29.43082046508789
2023-05-11,29.34433462176114,29.401060104370117,29.34433462176114,29.401060104370117
2023-05-12,29.37967300415039,29.37967300415039,29.37967300415039,29.37967300415039
2023-05-15,29.435470581054688,29.435470581054688,29.435470581054688,29.435470581054688
2023-05-16,29.395481614585826,29.404781251996823,29.30248701420033,29.311786651611328
2023-05-17,29.395483986052707,29.534975011022087,29.395483986052707,29.52474594116211
2023-05-18,29.572169710817786,29.704221725463867,29.521024365113753,29.704221725463867
2023-05-19,29.738632034435334,29.738632034435334,29.683765411376953,29.683765411376953
2023-05-22,29.68376537041449,29.68376537041449,29.67353630065918,29.67353630065918
2023-05-23,29.635407598506443,29.635407598506443,29.488475803837595,29.502426147460938
2023-05-24,29.39548241815909,29.40478205582431,29.348984229833004,29.37223243713379
2023-05-25,29.46057798312155,29.517303466796875,29.46057798312155,29.517303466796875
2023-05-26,29.74979019165039,29.74979019165039,29.74979019165039,29.74979019165039
2023-05-30,29.720961422929122,29.736770629882812,29.711663558814763,29.736770629882812
2023-05-31,29.604720052110107,29.654937744140625,29.604720052110107,29.654937744140625
2023-06-01,29.813956615055947,29.813956615055947,29.758158790242614,29.790706634521484
2023-06-02,29.933918464800918,30.092010534994934,29.933918464800918,30.088289260864258
2023-06-05,30.03714222337426,30.12548789659582,30.03714222337426,30.050161361694336
2023-06-06,30.055741544477346,30.0743408203125,30.01854299280704,30.0743408203125
2023-06-07,30.018543677485663,30.018543677485663,30.000877380371094,30.000877380371094
2023-06-08,30.009244245852813,30.11060905456543,30.009244245852813,30.11060905456543
2023-06-09,30.145015716552734,30.145015716552734,30.145015716552734,30.145015716552734
2023-06-12,30.306825637817383,30.306825637817383,30.306825637817383,30.306825637817383
2023-06-13,30.455617904663086,30.464915769099825,30.418419352017665,30.455617904663086
2023-06-14,30.492816282555005,30.492816282555005,30.31612493222649,30.44538688659668
2023-06-15,30.613705406114093,30.74390033600915,30.613705406114093,30.74017906188965
2023-06-16,30.7810937697719,30.7810937697719,30.669501668717714,30.674152374267578
2023-06-20,30.57650968762162,30.583019256591797,30.57650968762162,30.583019256591797
2023-06-21,30.4556150670934,30.492813616273008,30.44631720352295,30.46770477294922
2023-06-22,30.371920610932243,30.501182556152344,30.371920610932243,30.501182556152344
2023-06-23,30.409120855752978,30.409120855752978,30.353323027944192,30.37750244140625
2023-06-26,30.291948318481445,30.291948318481445,30.291948318481445,30.291948318481445
2023-06-27,30.516061782836914,30.516061782836914,30.516061782836914,30.516061782836914
2023-06-28,30.46491445991905,30.478866577148438,30.46491445991905,30.478866577148438
2023-06-29,30.492813785103575,30.56720733642578,30.492813785103575,30.56720733642578
2023-06-30,30.86851119995117,30.86851119995117,30.86851119995117,30.868511199951172
2023-07-03,30.87502098083496,30.87502098083496,30.87502098083496,30.87502098083496
2023-07-05,30.857349395751953,30.857349395751953,30.857349395751953,30.857349395751953
2023-07-06,30.54860870715383,30.6732234954834,30.54860870715383,30.6732234954834
2023-07-07,30.73459875191695,30.73459875191695,30.61277580261231,30.612775802612305
2023-07-10,30.63230535688171,30.642536200348975,30.63230535688171,30.63881492614746
2023-07-11,30.697401170441577,30.80062484741211,30.688103306074964,30.80062484741211
2023-07-12,30.961503982543945,30.961503982543945,30.961503982543945,30.961503982543945
2023-07-13,31.163305282592773,31.163305282592773,31.163305282592773,31.163305282592773
2023-07-14,31.180970935439944,31.190272347025054,31.115875244140625,31.115875244140625
2023-07-17,31.18097234017565,31.2460680344076,31.18097234017565,31.22747230529785
2023-07-18,31.3762600758872,31.391138076782227,31.3762600758872,31.391138076782227
2023-07-19,31.469255153913178,31.487854430086998,31.404159461029412,31.44228744506836
2023-07-20,31.27489471435547,31.27489471435547,31.27489471435547,31.27489471435547
2023-07-21,31.29349708557129,31.29349708557129,31.29349708557129,31.29349708557129
2023-07-24,31.385559764455397,31.385559764455397,31.370681762695312,31.370681762695312
2023-07-25,31.451583862304688,31.451583862304688,31.451583862304688,31.451583862304688
2023-07-26,31.394857240323347,31.412527084350586,31.394857240323347,31.412527084350586
2023-07-27,31.283264160156254,31.283264160156254,31.283264160156254,31.28326416015625
2023-07-28,31.52505216722514,31.529699325561523,31.52505216722514,31.529699325561523
2023-07-31,31.53434889821812,31.56317901611328,31.50645175940582,31.56317901611328
2023-08-01,31.552947692530537,31.552947692530537,31.49807929992676,31.498079299926758
2023-08-02,31.22747107195362,31.22747107195362,31.1846923828125,31.1846923828125
2023-08-03,31.18097068620222,31.18097068620222,31.113086700439453,31.113086700439453
2023-08-04,31.208872563530335,31.208872563530335,30.986614227294922,30.986614227294922
2023-08-07,31.16237263379134,31.208872598272162,31.144706336635824,31.186552047729492
2023-08-08,31.115875244140625,31.115875244140625,31.115875244140625,31.115875244140625
2023-08-09,31.180970466322382,31.180970466322382,30.961503982543945,30.961503982543945
2023-08-10,30.967082387799266,30.97173309326172,30.967082387799266,30.97173309326172
2023-08-11,30.954994201660156,30.954994201660156,30.954994201660156,30.954994201660156
2023-08-14,31.078675763027785,31.078675763027785,31.013580073675705,31.069377899169922
2023-08-15,30.832242965698242,30.832242965698242,30.832242965698242,30.832242965698242
2023-08-16,30.691823959350586,30.691823959350586,30.691823959350586,30.691823959350586
2023-08-17,30.68810169923943,30.68810169923943,30.53466033935547,30.53466033935547
2023-08-18,30.51234245300293,30.51234245300293,30.51234245300293,30.51234245300293
2023-08-21,30.6685733795166,30.6685733795166,30.6685733795166,30.6685733795166
2023-08-22,30.678804907213394,30.706702047276412,30.595109939575195,30.595109939575195
2023-08-23,30.79039569092014,30.82480239868164,30.79039569092014,30.82480239868164
2023-08-24,30.560699462890625,30.560699462890625,30.560699462890625,30.560699462890625
2023-08-25,30.70577049255371,30.70577049255371,30.70577049255371,30.70577049255371
2023-08-28,30.808994837223157,30.84618983973596,30.808994837223157,30.8387508392334
2023-08-29,31.054499980944563,31.148422241210938,31.054499980944563,31.148422241210938
2023-08-30,31.23676736802856,31.23676736802856,31.235837936401367,31.235837936401367
2023-08-31,31.329763254560028,31.329763254560028,31.230260848999023,31.230260848999023
2023-09-01,31.246999740600586,31.246999740600586,31.246999740600586,31.246999740600586
2023-09-05,31.18840789794922,31.18840789794922,31.18840789794922,31.18840789794922
2023-09-06,31.02102279663086,31.02102279663086,31.02102279663086,31.02102279663086
2023-09-07,30.929885864257812,30.929885864257812,30.929885864257812,30.929885864257812
2023-09-08,30.957786560058594,30.957786560058594,30.957786560058594,30.957786560058594
2023-09-11,31.09727668762207,31.09727668762207,31.09727668762207,31.09727668762207
2023-09-12,30.98568344116211,30.98568344116211,30.98568344116211,30.98568344116211
2023-09-13,31.02288246154785,31.02288246154785,31.02288246154785,31.02288246154785
2023-09-14,31.199569702148438,31.199569702148438,31.199569702148438,31.199569702148438
2023-09-15,30.948486328125,30.948486328125,30.948486328125,30.948486328125
2023-09-18,30.957786560058594,30.957786560058594,30.957786560058594,30.957786560058594
2023-09-19,30.901987075805664,30.901987075805664,30.901987075805664,30.901987075805664
2023-09-20,30.72530174255371,30.72530174255371,30.72530174255371,30.72530174255371
2023-09-21,30.36262321472168,30.36262321472168,30.36262321472168,30.36262321472168
2023-09-22,30.32542610168457,30.32542610168457,30.32542610168457,30.32542610168457
2023-09-25,30.418418884277344,30.418418884277344,30.418418884277344,30.418418884277344
2023-09-26,30.135713577270508,30.135713577270508,30.135713577270508,30.135713577270508
2023-09-27,30.159894943237305,30.159894943237305,30.159894943237305,30.159894943237305
2023-09-28,30.264047622680664,30.264047622680664,30.264047622680664,30.264047622680664
2023-09-29,30.206390380859375,30.206390380859375,30.206390380859375,30.206390380859375
2023-10-02,30.210111618041992,30.210111618041992,30.210111618041992,30.210111618041992
2023-10-03,29.953447341918945,29.953447341918945,29.953447341918945,29.953447341918945
2023-10-04,30.08363884883603,30.115257263183594,30.08363884883603,30.115257263183594
2023-10-05,30.107818603515625,30.107818603515625,30.107818603515625,30.107818603515625
2023-10-06,30.31612434884541,30.33286476135254,30.31612434884541,30.33286476135254
2023-10-09,30.42957878112793,30.42957878112793,30.42957878112793,30.42957878112793
2023-10-10,30.59417724609375,30.59417724609375,30.59417724609375,30.59417724609375
2023-10-11,30.643465042114258,30.643465042114258,30.643465042114258,30.643465042114258
2023-10-12,30.51885414123535,30.51885414123535,30.51885414123535,30.51885414123535
2023-10-13,30.396100997924805,30.396100997924805,30.396100997924805,30.396100997924805
2023-10-16,30.645322799682617,30.645322799682617,30.645322799682617,30.645322799682617
2023-10-17,30.615568161010742,30.615568161010742,30.615568161010742,30.615568161010742
2023-10-18,30.47421722516748,30.47421722516748,30.33472442626953,30.33472442626953
2023-10-19,30.309614146170187,30.31147655693148,30.196163177490234,30.196163177490234
2023-10-20,29.922758102416992,29.922758102416992,29.922758102416992,29.922758102416992
2023-10-23,29.899511337280273,29.899511337280273,29.899511337280273,29.899511337280273
2023-10-24,30.105030059814453,30.105030059814453,30.105030059814453,30.105030059814453
2023-10-25,29.776758193969727,29.776758193969727,29.776758193969727,29.776758193969727
2023-10-26,29.595420837402344,29.595420837402344,29.595420837402344,29.595420837402344
2023-10-27,29.544274180542725,29.544274180542725,29.487546920776367,29.487546920776367
2023-10-30,29.7628116607666,29.7628116607666,29.7628116607666,29.7628116607666
2023-10-31,29.895790100097656,29.895790100097656,29.895790100097656,29.895790100097656
2023-11-01,30.074340009275033,30.103166580200195,30.074340009275033,30.103166580200195
2023-11-02,30.433300018310547,30.433300018310547,30.433300018310547,30.433300018310547
2023-11-03,30.61370565770353,30.625795364379883,30.61370565770353,30.625795364379883
2023-11-06,30.643465042114258,30.643465042114258,30.643465042114258,30.643465042114258
2023-11-07,30.706701278686523,30.706701278686523,30.706701278686523,30.706701278686523
2023-11-08,30.74389999492847,30.747617721557617,30.74389999492847,30.747617721557617
2023-11-09,30.572790145874023,30.572790145874023,30.572790145874023,30.572790145874023
2023-11-10,30.899200439453125,30.899200439453125,30.899200439453125,30.899200439453125
2023-11-13,30.88804054260254,30.88804054260254,30.88804054260254,30.88804054260254
2023-11-14,31.246065278244,31.26838582712568,31.246065278244,31.26001739501953
2023-11-15,31.309303283691406,31.309303283691406,31.309303283691406,31.309303283691406
2023-11-16,31.32697296142578,31.32697296142578,31.32697296142578,31.32697296142578
2023-11-17,31.373470306396484,31.373470306396484,31.373470306396484,31.373470306396484
2023-11-20,31.529699325561523,31.529699325561523,31.529699325561523,31.529699325561523
2023-11-21,31.516677856445312,31.516677856445312,31.516677856445312,31.516677856445312
2023-11-22,31.59479522705078,31.59479522705078,31.59479522705078,31.59479522705078
2023-11-24,31.605024337768555,31.605024337768555,31.605024337768555,31.605024337768555
2023-11-27,31.57712745666504,31.57712745666504,31.57712745666504,31.57712745666504
2023-11-28,31.599443435668945,31.599443435668945,31.599443435668945,31.599443435668945
2023-11-29,31.568756103515625,31.568756103515625,31.568756103515625,31.568756103515625
2023-11-30,31.543647818916394,31.654314041137695,31.530628680707903,31.654314041137695
2023-12-01,31.645941461891002,31.806821823120117,31.645941461891002,31.806821823120117
2023-12-04,31.69523048400879,31.69523048400879,31.69523048400879,31.69523048400879
2023-12-05,31.671979904174805,31.671979904174805,31.671979904174805,31.671979904174805
2023-12-06,31.664539841888995,31.664539841888995,31.58084487915039,31.58084487915039
2023-12-07,31.711036811442288,31.755674362182617,31.711036811442288,31.755674362182617
2023-12-08,31.866336822509766,31.866336822509766,31.866336822509766,31.866336822509766
2023-12-11,31.93143653869629,31.93143653869629,31.93143653869629,31.93143653869629
2023-12-12,32.023502349853516,32.023502349853516,32.023502349853516,32.023502349853516
2023-12-13,32.10161522963843,32.320152282714844,32.10161522963843,32.320152282714844
2023-12-14,32.40849219291953,32.40849219291953,32.38245391845703,32.38245391845703
2023-12-15,32.37129931918636,32.416866302490234,32.37129931918636,32.416866302490234
2023-12-18,32.53868865966797,32.53868865966797,32.53868865966797,32.53868865966797
2023-12-19,32.65121078491211,32.65121078491211,32.65121078491211,32.65121078491211
2023-12-20,32.35456085205078,32.35456085205078,32.35456085205078,32.35456085205078
2023-12-21,32.56193542480469,32.56193542480469,32.56193542480469,32.56193542480469
2023-12-22,32.60750198364258,32.60750198364258,32.60750198364258,32.60750198364258
2023-12-26,32.73397445678711,32.73397445678711,32.73397445678711,32.73397445678711
2023-12-27,32.79359792459323,32.79359792459323,32.7474365234375,32.7474365234375
2023-12-28,32.75320816040039,32.75320816040039,32.75320816040039,32.75320816040039
2023-12-29,32.78879258857967,32.78879258857967,32.69743094582351,32.70512390136719
2024-01-02,32.61087921289763,32.61087921289763,32.528175354003906,32.528175354003906
2024-01-03,32.34064865112305,32.34064865112305,32.34064865112305,32.34064865112305
2024-01-04,32.4512378217866,32.4512378217866,32.25601577758789,32.25601577758789
2024-01-05,32.281982421875,32.281982421875,32.281982421875,32.281982421875
2024-01-08,32.45123738639516,32.611839294433594,32.45123738639516,32.611839294433594
2024-01-09,32.437773547599704,32.565677642822266,32.437773547599704,32.565677642822266
2024-01-10,32.68492889404297,32.68492889404297,32.68492889404297,32.68492889404297
2024-01-11,32.666656494140625,32.666656494140625,32.666656494140625,32.666656494140625
2024-01-12,32.694549560546875,32.694549560546875,32.694549560546875,32.694549560546875
2024-01-16,32.54356142291168,32.59645462036133,32.51471192195843,32.59645462036133
2024-01-17,32.49932098388672,32.49932098388672,32.49932098388672,32.49932098388672
2024-01-18,32.68492889404297,32.68492889404297,32.68492889404297,32.68492889404297
2024-01-19,32.9994010925293,32.9994010925293,32.9994010925293,32.9994010925293
2024-01-22,33.059024810791016,33.059024810791016,33.059024810791016,33.059024810791016
2024-01-23,33.08210779412858,33.12826919555664,33.08210779412858,33.12826919555664
2024-01-24,33.28887130107992,33.28887130107992,33.15230941772461,33.15230941772461
2024-01-25,33.26578903198242,33.26578903198242,33.26578903198242,33.26578903198242
2024-01-26,33.26482744258308,33.26482744258308,33.235977942369246,33.26290512084961
2024-01-29,33.27444276885941,33.46485900878906,33.27444276885941,33.46485900878906
2024-01-30,33.409083134180946,33.447547912597656,33.39946418816201,33.447547912597656
2024-01-31,33.27444310141462,33.27444310141462,33.06383514404297,33.06383514404297
2024-02-01,33.32445526123047,33.32445526123047,33.32445526123047,33.32445526123047
2024-02-02,33.6562385559082,33.6562385559082,33.6562385559082,33.6562385559082
2024-02-05,33.57160949707031,33.57160949707031,33.57160949707031,33.57160949707031
2024-02-06,33.58891677856445,33.58891677856445,33.58891677856445,33.58891677856445
2024-02-07,33.81010818481445,33.81010818481445,33.81010818481445,33.81010818481445
2024-02-08,33.82933807373047,33.82933807373047,33.82933807373047,33.82933807373047
2024-02-09,33.99667739868164,33.99667739868164,33.99667739868164,33.99667739868164
2024-02-12,34.04379838546266,34.04379838546266,33.98801803588867,33.98801803588867
2024-02-13,33.60526657104492,33.60526657104492,33.60526657104492,33.60526657104492
2024-02-14,33.86876678466797,33.86876678466797,33.86876678466797,33.86876678466797
2024-02-15,34.03033447265625,34.03033447265625,34.03033447265625,34.03033447265625
2024-02-16,33.917816162109375,33.917816162109375,33.917816162109375,33.917816162109375
2024-02-20,33.74279022216797,33.74279022216797,33.74279022216797,33.74279022216797
2024-02-21,33.79087448120117,33.79087448120117,33.79087448120117,33.79087448120117
2024-02-22,34.19766668677239,34.35730743408203,34.15919824122849,34.35730743408203
2024-02-23,34.41885522714642,34.41885522714642,34.383270263671875,34.383270263671875
2024-02-26,34.27363967895508,34.27363967895508,34.27363967895508,34.27363967895508
2024-02-27,34.31210708618164,34.31210708618164,34.31210708618164,34.31210708618164
2024-02-28,34.207282983659354,34.251522064208984,34.207282983659354,34.251522064208984
2024-02-29,34.43712615966797,34.43712615966797,34.43712615966797,34.43712615966797
2024-03-01,34.63908386230469,34.63908386230469,34.63908386230469,34.63908386230469
2024-03-04,34.60734558105469,34.60734558105469,34.60734558105469,34.60734558105469
2024-03-05,34.31210708618164,34.31210708618164,34.31210708618164,34.31210708618164
2024-03-06,34.47559356689453,34.47559356689453,34.47559356689453,34.47559356689453
2024-03-07,34.75160217285156,34.75160217285156,34.75160217285156,34.75160217285156
2024-03-08,34.88046562705815,34.88046562705815,34.584266662597656,34.584266662597656
2024-03-11,34.52271551900304,34.52271551900304,34.516944885253906,34.516944885253906
2024-03-12,34.845848083496094,34.845848083496094,34.845848083496094,34.845848083496094
2024-03-13,34.86123245780246,34.89008195900297,34.7919921875,34.7919921875
2024-03-14,34.696781158447266,34.696781158447266,34.696781158447266,34.696781158447266
2024-03-15,34.57272566496815,34.57272566496815,34.47655454886763,34.51887130737305
2024-03-18,34.724674224853516,34.724674224853516,34.724674224853516,34.724674224853516
2024-03-19,34.89488983154297,34.89488983154297,34.89488983154297,34.89488983154297
2024-03-20,35.10261535644531,35.10261535644531,35.10261535644531,35.10261535644531
2024-03-21,35.21705627441406,35.21705627441406,35.21705627441406,35.21705627441406
2024-03-22,35.193016052246094,35.193016052246094,35.193016052246094,35.193016052246094
2024-03-25,35.09203929517454,35.09203929517454,35.082420349121094,35.082420349121094
2024-03-26,35.149737761097626,35.17185913555129,35.03433609008789,35.03433609008789
2024-03-27,35.25360107421875,35.25360107421875,35.25360107421875,35.25360107421875
2024-03-28,35.31899642944336,35.31899642944336,35.31899642944336,35.31899642944336
2024-04-01,35.236289978027344,35.236289978027344,35.236289978027344,35.236289978027344
2024-04-02,35.024717949666986,35.024717949666986,35.017024993896484,35.017024993896484
2024-04-03,35.067996978759766,35.067996978759766,35.067996978759766,35.067996978759766
2024-04-04,35.236290195116325,35.236290195116325,34.722747802734375,34.722747802734375
2024-04-05,35.03529739379883,35.03529739379883,35.03529739379883,35.03529739379883
2024-04-08,35.013179779052734,35.013179779052734,35.013179779052734,35.013179779052734
2024-04-09,35.010292053222656,35.010292053222656,35.010292053222656,35.010292053222656
2024-04-10,34.79583740234375,34.79583740234375,34.79583740234375,34.79583740234375
2024-04-11,34.992984771728516,34.992984771728516,34.992984771728516,34.992984771728516
2024-04-12,34.726595797892145,34.726595797892145,34.58618927001953,34.58618927001953
2024-04-15,34.26498794555664,34.26498794555664,34.26498794555664,34.26498794555664
2024-04-16,34.22651672363281,34.22651672363281,34.22651672363281,34.22651672363281
2024-04-17,34.111118070788265,34.114962714611295,34.05341539646344,34.06495666503906
2024-04-18,33.99859619140625,33.99859619140625,33.99859619140625,33.99859619140625
2024-04-19,33.726438815167214,33.762020111083984,33.68797036800943,33.762020111083984
2024-04-22,33.832225023598575,33.98417282104492,33.832225023598575,33.98417282104492
2024-04-23,34.280372619628906,34.280372619628906,34.280372619628906,34.280372619628906
2024-04-24,34.30826187133789,34.30826187133789,34.30826187133789,34.30826187133789
2024-04-25,34.17458724975586,34.17458724975586,34.17458724975586,34.17458724975586
2024-04-26,34.45732498168945,34.45732498168945,34.45732498168945,34.45732498168945
2024-04-29,34.46693969935231,34.52175521850586,34.46693969935231,34.52175521850586
2024-04-30,34.43809242112003,34.43809242112003,34.13131332397461,34.13131332397461
2024-05-01,34.005330706048106,34.01494598388672,33.986096481817725,34.01494598388672
2024-05-02,34.1928596496582,34.1928596496582,34.1928596496582,34.1928596496582
2024-05-03,34.55349211955739,34.56791687011719,34.55349211955739,34.56791687011719
2024-05-06,34.83526611328125,34.83526611328125,34.83526611328125,34.83526611328125
2024-05-07,34.87084885362621,34.91123962402344,34.87084885362621,34.91123962402344
2024-05-08,34.84199968998598,34.93528366088867,34.84199968998598,34.93528366088867
2024-05-09,34.967018570586845,35.0372200012207,34.967018570586845,35.0372200012207
2024-05-10,35.114158630371094,35.114158630371094,35.114158630371094,35.114158630371094
2024-05-13,35.082422211826,35.09300231933594,35.082422211826,35.09300231933594
2024-05-14,35.16897165489576,35.25648498535156,35.16897165489576,35.25648498535156
2024-05-15,35.46709612084492,35.589229583740234,35.39015922958455,35.589229583740234
2024-05-16,35.55653381347656,35.55653381347656,35.55653381347656,35.55653381347656
2024-05-17,35.51518245672163,35.55942153930664,35.51518245672163,35.55942153930664
2024-05-20,35.707521564701864,35.707521564701864,35.607505798339844,35.607505798339844
2024-05-21,35.6988639831543,35.6988639831543,35.6988639831543,35.6988639831543
2024-05-22,35.69790107717245,35.69790107717245,35.50556250884779,35.55364990234375
2024-05-23,35.63058496009547,35.63058496009547,35.36323547363281,35.36323547363281
2024-05-24,35.578651428222656,35.578651428222656,35.578651428222656,35.578651428222656
2024-05-28,35.58634948730469,35.58634948730469,35.58634948730469,35.58634948730469
2024-05-29,35.386314392089844,35.386314392089844,35.386314392089844,35.386314392089844
2024-05-30,35.216094970703125,35.216094970703125,35.216094970703125,35.216094970703125
2024-05-31,35.42670822143555,35.42670822143555,35.42670822143555,35.42670822143555
2024-06-03,35.45651626586914,35.45651626586914,35.45651626586914,35.45651626586914
2024-06-04,35.525760650634766,35.525760650634766,35.525760650634766,35.525760650634766
2024-06-05,35.73636982795577,35.869083404541016,35.73636982795577,35.869083404541016
2024-06-06,35.86235046386719,35.86235046386719,35.86235046386719,35.86235046386719
2024-06-07,35.85177230834961,35.85177230834961,35.85177230834961,35.85177230834961
2024-06-10,35.91332244873047,35.91332244873047,35.91332244873047,35.91332244873047
2024-06-11,35.90947500501113,35.98640823364258,35.90947500501113,35.98640823364258
2024-06-12,36.31338085780168,36.31338085780168,36.284531357105195,36.28837966918945
2024-06-13,36.343196868896484,36.343196868896484,36.343196868896484,36.343196868896484
2024-06-14,36.304725646972656,36.304725646972656,36.304725646972656,36.304725646972656
2024-06-17,36.57015609741211,36.57015609741211,36.57015609741211,36.57015609741211
2024-06-18,36.5730377860438,36.64901351928711,36.5730377860438,36.64901351928711
2024-06-20,36.573997497558594,36.573997497558594,36.573997497558594,36.573997497558594
2024-06-21,36.533607482910156,36.533607482910156,36.533607482910156,36.533607482910156
2024-06-24,36.451866149902344,36.451866149902344,36.451866149902344,36.451866149902344
2024-06-25,36.54130554199219,36.54130554199219,36.54130554199219,36.54130554199219
2024-06-26,36.61054611206055,36.61054611206055,36.61054611206055,36.61054611206055
2024-06-27,36.59419631958008,36.59419631958008,36.59419631958008,36.59419631958008
2024-06-28,36.510528564453125,36.510528564453125,36.510528564453125,36.510528564453125
2024-07-01,36.566307067871094,36.566307067871094,36.566307067871094,36.566307067871094
2024-07-02,36.54419020339362,36.74999237060547,36.54419020339362,36.74999237060547
2024-07-03,36.912513732910156,36.912513732910156,36.912513732910156,36.912513732910156
2024-07-05,37.10004425048828,37.10004425048828,37.10004425048828,37.10004425048828
2024-07-08,37.08273564008783,37.1202392578125,37.08273564008783,37.1202392578125
2024-07-09,37.1519775390625,37.1519775390625,37.1519775390625,37.1519775390625
2024-07-10,37.4683723449707,37.4683723449707,37.4683723449707,37.4683723449707
2024-07-11,37.2308349609375,37.2308349609375,37.2308349609375,37.2308349609375
2024-07-12,37.37701416015625,37.37701416015625,37.37701416015625,37.37701416015625
2024-07-15,37.46452713012695,37.46452713012695,37.46452713012695,37.46452713012695
2024-07-16,37.644363075935075,37.68763732910156,37.644363075935075,37.68763732910156
2024-07-17,37.249107360839844,37.249107360839844,37.249107360839844,37.249107360839844
2024-07-18,37.03464721354617,37.03464721354617,36.97983169555664,36.97983169555664
2024-07-19,36.73652648925781,36.73652648925781,36.73652648925781,36.73652648925781
2024-07-22,37.121199506498634,37.121199506498634,37.092350006103516,37.092350006103516
2024-07-23,37.02599334716797,37.02599334716797,37.02599334716797,37.02599334716797
2024-07-24,36.32107925415039,36.32107925415039,36.32107925415039,36.32107925415039
2024-07-25,36.19894027709961,36.19894027709961,36.19894027709961,36.19894027709961
2024-07-26,36.47687045051675,36.51533889770508,36.47687045051675,36.51533889770508
2024-07-29,36.56438446044922,36.56438446044922,36.56438446044922,36.56438446044922
2024-07-30,36.40955300758417,36.42878723144531,36.40955300758417,36.42878723144531
2024-07-31,36.88462829589844,36.88462829589844,36.88462829589844,36.88462829589844
2024-08-01,36.99618346734093,37.05388246954768,36.323000316022245,36.448020935058594
2024-08-02,36.19798024612413,36.19798024612413,35.89216232299805,35.89216232299805
2024-08-05,34.47655658337045,35.17762810290882,34.47655658337045,34.97856140136719
2024-08-06,35.64020260811351,35.64020260811351,35.35554122924805,35.35554122924805
2024-08-07,35.14973831176758,35.14973831176758,35.14973831176758,35.14973831176758
2024-08-08,35.24590987955073,35.71232604980469,35.24590987955073,35.71232604980469
2024-08-09,35.874855041503906,35.874855041503906,35.874855041503906,35.874855041503906
2024-08-12,35.967177131983966,35.99602663371373,35.813307008503365,35.87100601196289
2024-08-13,36.111427263654186,36.33454132080078,36.0825777627597,36.33454132080078
2024-08-14,36.36146738682729,36.46244430541992,36.351848441121575,36.46244430541992
2024-08-15,36.68844302852615,36.850006103515625,36.68844302852615,36.850006103515625
2024-08-16,36.92886734008789,36.92886734008789,36.92886734008789,36.92886734008789
2024-08-19,37.017338744880526,37.17986297607422,37.01541642315362,37.17986297607422
2024-08-20,37.13947296142578,37.13947296142578,37.13947296142578,37.13947296142578
2024-08-21,37.25968551635742,37.25968551635742,37.25968551635742,37.25968551635742
2024-08-22,36.9711799621582,36.9711799621582,36.9711799621582,36.9711799621582
2024-08-23,37.327003479003906,37.327003479003906,37.327003479003906,37.327003479003906
2024-08-26,37.22410202026367,37.22410202026367,37.22410202026367,37.22410202026367
2024-08-27,37.23660741564846,37.28661346435547,37.23660741564846,37.28661346435547
2024-08-28,37.07888823775158,37.148128509521484,37.00579965374862,37.148128509521484
2024-08-29,37.1115837097168,37.1115837097168,37.1115837097168,37.1115837097168
2024-08-30,37.246222524001375,37.39720916748047,37.246222524001375,37.39720916748047
2024-09-03,37.09234954539791,37.13177915200974,36.698057147832486,36.77595520019531
2024-09-04,36.57303710160639,36.9307870492533,36.57303710160639,36.77980041503906
2024-09-05,36.67786407470703,36.67786407470703,36.67786407470703,36.67786407470703
2024-09-06,36.419166622813314,36.419166622813314,36.23644700730273,36.262413024902344
2024-09-09,36.542266845703125,36.542266845703125,36.542266845703125,36.542266845703125
2024-09-10,36.68459701538086,36.68459701538086,36.68459701538086,36.68459701538086
2024-09-11,36.85192759739675,36.97983169555664,36.85192759739675,36.97983169555664
2024-09-12,36.95771421934673,37.137550354003906,36.95771421934673,37.137550354003906
2024-09-13,37.35873794555664,37.35873794555664,37.35873794555664,37.35873794555664
2024-09-16,37.40874481201172,37.40874481201172,37.40874481201172,37.40874481201172
2024-09-17,37.38085756617059,37.392398834228516,37.31353961675451,37.392398834228516
2024-09-18,37.33181381225586,37.33181381225586,37.33181381225586,37.33181381225586
2024-09-19,37.7905387878418,37.7905387878418,37.7905387878418,37.7905387878418
2024-09-20,37.68859887943739,37.73476028442383,37.68859887943739,37.73476028442383
2024-09-23,37.81169509887695,37.81169509887695,37.81169509887695,37.81169509887695
2024-09-24,37.87901306152344,37.87901306152344,37.87901306152344,37.87901306152344
2024-09-25,37.86170062466078,37.86170062466078,37.830928802490234,37.830928802490234
2024-09-26,37.970375061035156,37.970375061035156,37.970375061035156,37.970375061035156
2024-09-27,37.94055938720703,37.94055938720703,37.94055938720703,37.94055938720703
2024-09-30,37.938636779785156,37.938636779785156,37.938636779785156,37.938636779785156
2024-10-01,37.77996063232422,37.77996063232422,37.77996063232422,37.77996063232422
2024-10-02,37.79438400268555,37.79438400268555,37.79438400268555,37.79438400268555
2024-10-03,37.67898117029956,37.720333099365234,37.67898117029956,37.720333099365234
2024-10-04,37.99249267578125,37.99249267578125,37.99249267578125,37.99249267578125
2024-10-07,37.86170323099822,37.86170323099822,37.73476028442383,37.73476028442383
2024-10-08,37.96364537127316,38.028076171875,37.96364537127316,38.028076171875
2024-10-09,38.0251897822338,38.23483657836914,38.0251897822338,38.23483657836914
2024-10-10,38.17136764526367,38.17136764526367,38.17136764526367,38.17136764526367
2024-10-11,38.35023880004883,38.35023880004883,38.35023880004883,38.35023880004883
2024-10-14,38.60316467285156,38.60316467285156,38.60316467285156,38.60316467285156
2024-10-15,38.40986479668031,38.40986479668031,38.35601043701172,38.35601043701172
2024-10-16,38.497379302978516,38.497379302978516,38.497379302978516,38.497379302978516
2024-10-17,38.50026321411133,38.50026321411133,38.50026321411133,38.50026321411133
2024-10-18,38.60989761352539,38.60989761352539,38.60989761352539,38.60989761352539
2024-10-21,38.5021870218693,38.53104019165039,38.448332663015336,38.53104019165039
2024-10-22,38.558929443359375,38.558929443359375,38.558929443359375,38.558929443359375
2024-10-23,38.25984191894531,38.25984191894531,38.25984191894531,38.25984191894531
2024-10-24,38.294462211309856,38.328121185302734,38.255993764302836,38.328121185302734
2024-10-25,38.288692474365234,38.288692474365234,38.288692474365234,38.288692474365234
2024-10-28,38.392555236816406,38.392555236816406,38.392555236816406,38.392555236816406
2024-10-29,38.436790466308594,38.436790466308594,38.436790466308594,38.436790466308594
2024-10-30,38.34158706665039,38.34158706665039,38.34158706665039,38.34158706665039
2024-10-31,37.996339535921756,37.996339535921756,37.84920120239258,37.84920120239258
2024-11-01,37.938637533167274,37.938637533167274,37.89824676513672,37.89824676513672
2024-11-04,37.82612228393555,37.82612228393555,37.82612228393555,37.82612228393555
2024-11-05,38.14059215389738,38.17136764526367,38.14059215389738,38.17136764526367
2024-11-06,38.94841089444736,38.95322036743164,38.94841089444736,38.95322036743164
2024-11-07,39.064774487928425,39.22730239469609,39.064774487928425,39.15902328491211
2024-11-08,39.290771484375,39.290771484375,39.290771484375,39.290771484375
2024-11-11,39.33308792114258,39.33308792114258,39.33308792114258,39.33308792114258
2024-11-12,39.2273012624556,39.2273012624556,39.219608306884766,39.219608306884766
2024-11-13,39.16960144042969,39.16960144042969,39.16960144042969,39.16960144042969
2024-11-14,39.0618896484375,39.0618896484375,39.0618896484375,39.0618896484375
2024-11-15,38.68971633911133,38.68971633911133,38.68971633911133,38.68971633911133
2024-11-18,38.775306701660156,38.775306701660156,38.775306701660156,38.775306701660156
2024-11-19,38.88109407738234,38.892635345458984,38.82339140555225,38.892635345458984
2024-11-20,38.898406982421875,38.898406982421875,38.898406982421875,38.898406982421875
2024-11-21,39.006114113647854,39.083047339714206,39.006114113647854,39.06862258911133
2024-11-22,39.16286849975586,39.16286849975586,39.16286849975586,39.16286849975586
2024-11-25,39.323469623743264,39.323469623743264,39.24749755859375,39.24749755859375
2024-11-26,39.29462116373934,39.455223083496094,39.29462116373934,39.455223083496094
2024-11-27,39.32923889160156,39.32923889160156,39.32923889160156,39.32923889160156
2024-11-29,39.49465118327793,39.53600311279297,39.49465118327793,39.53600311279297
2024-12-02,39.59754943847656,39.59754943847656,39.59754943847656,39.59754943847656
2024-12-03,39.6139030456543,39.6139030456543,39.6139030456543,39.6139030456543
2024-12-04,39.80046844482422,39.80046844482422,39.80046844482422,39.80046844482422
2024-12-05,39.74180603027344,39.74180603027344,39.74180603027344,39.74180603027344
2024-12-06,39.81874084472656,39.81874084472656,39.81874084472656,39.81874084472656
2024-12-09,39.57351075365274,39.62736511230469,39.57351075365274,39.62736511230469
2024-12-10,39.53215408325195,39.53215408325195,39.53215408325195,39.53215408325195
2024-12-11,39.806236267089844,39.806236267089844,39.806236267089844,39.806236267089844
2024-12-12,39.65044403076172,39.65044403076172,39.65044403076172,39.65044403076172
2024-12-13,39.64082717895508,39.64082717895508,39.64082717895508,39.64082717895508
2024-12-16,39.7369948012067,39.794697470038734,39.717760578262684,39.776424407958984
2024-12-17,39.64082771446873,39.68891143798828,39.59274032239622,39.68891143798828
2024-12-18,38.795501708984375,38.795501708984375,38.795501708984375,38.795501708984375
2024-12-19,38.72049331665039,38.72049331665039,38.72049331665039,38.72049331665039
2024-12-20,39.131129323840646,39.131129323840646,38.99168395996094,38.99168395996094
2024-12-23,38.895517241876384,39.24172592163086,38.895517241876384,39.24172592163086
2024-12-24,39.46772384643555,39.46772384643555,39.46772384643555,39.46772384643555
2024-12-26,39.5350414683423,39.5350414683423,39.47733879877288,39.5109977722168
2024-12-27,39.349998474121094,39.349998474121094,39.13100051879883,39.13100051879883
2024-12-30,38.709999084472656,38.9900016784668,38.58000183105469,38.858001708984375
2024-12-31,38.65999984741211,38.66999816894531,38.47999954223633,38.59000015258789
2025-01-02,38.685001373291016,38.689998626708984,38.529998779296875,38.60200119018555
2025-01-03,38.939998626708984,38.98500061035156,38.939998626708984,38.98500061035156
2025-01-06,39.11199951171875,39.11199951171875,39.11199951171875,39.11199951171875
2025-01-07,38.91999816894531,38.91999816894531,38.823001861572266,38.823001861572266
2025-01-08,38.83399963378906,38.83399963378906,38.83399963378906,38.83399963378906
2025-01-10,38.41999816894531,38.41999816894531,38.37699890136719,38.37699890136719
2025-01-13,38.42100143432617,38.42100143432617,38.42100143432617,38.42100143432617
2025-01-14,38.441001892089844,38.441001892089844,38.441001892089844,38.441001892089844
2025-01-15,38.88999938964844,39.012001037597656,38.88999938964844,39.012001037597656
2025-01-16,38.935001373291016,38.935001373291016,38.935001373291016,38.935001373291016
2025-01-17,39.262001037597656,39.262001037597656,39.262001037597656,39.262001037597656
2025-01-21,39.527000427246094,39.527000427246094,39.527000427246094,39.527000427246094
2025-01-22,39.731998443603516,39.731998443603516,39.731998443603516,39.731998443603516
2025-01-23,39.75,39.832000732421875,39.75,39.832000732421875
2025-01-24,39.803001403808594,39.803001403808594,39.803001403808594,39.803001403808594
2025-01-27,39.20000076293945,39.279998779296875,39.20000076293945,39.279998779296875
2025-01-28,39.62300109863281,39.62300109863281,39.62300109863281,39.62300109863281
2025-01-29,39.47999954223633,39.47999954223633,39.47999954223633,39.47999954223633
2025-01-30,39.645999908447266,39.645999908447266,39.645999908447266,39.645999908447266
2025-01-31,39.48099899291992,39.48099899291992,39.48099899291992,39.48099899291992
2025-02-03,39.41999816894531,39.880001068115234,39.38999938964844,39.779998779296875
2025-02-04,39.349998474121094,39.4900016784668,39.34000015258789,39.4640007019043
2025-02-05,39.534000396728516,39.534000396728516,39.534000396728516,39.534000396728516
2025-02-06,39.68000030517578,39.68000030517578,39.68000030517578,39.68000030517578
2025-02-07,39.45000076293945,39.45000076293945,39.38999938964844,39.38999938964844
2025-02-10,39.59600067138672,39.59600067138672,39.59600067138672,39.59600067138672
2025-02-11,39.63999938964844,39.63999938964844,39.6150016784668,39.6150016784668
2025-02-12,39.516998291015625,39.516998291015625,39.516998291015625,39.516998291015625
2025-02-13,39.650001525878906,39.808998107910156,39.650001525878906,39.80799865722656
2025-02-14,39.86800003051758,39.86800003051758,39.86800003051758,39.86800003051758
2025-02-18,39.891998291015625,39.891998291015625,39.891998291015625,39.891998291015625
2025-02-19,40.01499938964844,40.01499938964844,40.01499938964844,40.01499938964844
2025-02-20,39.77000045776367,39.88199996948242,39.77000045776367,39.88199996948242
2025-02-21,39.334999084472656,39.334999084472656,39.334999084472656,39.334999084472656
2025-02-24,39.22999954223633,39.22999954223633,39.189998626708984,39.189998626708984
2025-02-25,38.86000061035156,39.03900146484375,38.86000061035156,39.03900146484375
2025-02-26,39.27000045776367,39.27000045776367,38.88999938964844,39.03499984741211
2025-02-27,38.619998931884766,38.619998931884766,38.57400131225586,38.57400131225586
2025-02-28,39.00199890136719,39.00199890136719,39.00199890136719,39.00199890136719
2025-03-03,38.959999084472656,38.959999084472656,38.279998779296875,38.459999084472656
2025-03-04,38.12099838256836,38.12099838256836,38.12099838256836,38.12099838256836
2025-03-05,38.279998779296875,38.472999572753906,38.279998779296875,38.472999572753906
2025-03-06,38.209999084472656,38.209999084472656,37.93000030517578,37.93000030517578
2025-03-07,37.7400016784668,38.09700012207031,37.7400016784668,38.09700012207031
2025-03-10,37.540000915527344,37.540000915527344,37.34000015258789,37.34000015258789
2025-03-11,37.16999816894531,37.31999969482422,37.0,37.17300033569336
2025-03-12,37.2400016784668,37.33599853515625,37.2400016784668,37.29399871826172
2025-03-13,37.051998138427734,37.08000183105469,36.86000061035156,36.95000076293945
2025-03-14,37.2400016784668,37.4900016784668,37.15999984741211,37.48099899291992
2025-03-17,37.5,37.78099822998047,37.5,37.5
2025-03-18,37.31999969482422,37.40299987792969,37.31999969482422,37.40299987792969
2025-03-19,37.595001220703125,37.680999755859375,37.51900100708008,37.680999755859375
2025-03-20,37.880001068115234,37.880001068115234,37.625,37.625
2025-03-21,37.47999954223633,37.61800003051758,37.47999954223633,37.61800003051758
2025-03-24,38.08000183105469,38.16999816894531,38.05500030517578,38.11399841308594
2025-03-25,38.25,38.25,38.029998779296875,38.138999938964844
2025-03-26,38.119998931884766,38.119998931884766,37.840999603271484,37.840999603271484
2025-03-27,37.790000915527344,37.861000061035156,37.7599983215332,37.775001525878906
2025-03-28,37.41999816894531,37.470001220703125,37.207000732421875,37.470001220703125
2025-03-31,36.869998931884766,37.345001220703125,36.869998931884766,37.345001220703125
2025-04-01,37.38999938964844,37.52000045776367,37.27000045776367,37.5099983215332
2025-04-02,37.36000061035156,37.689998626708984,37.36000061035156,37.641998291015625
2025-04-03,36.90999984741211,36.90999984741211,36.33000183105469,36.41999816894531
2025-04-04,35.560001373291016,35.65999984741211,34.79899978637695,34.79899978637695
2025-04-07,34.41999816894531,34.939998626708984,34.04999923706055,34.66400146484375
2025-04-08,35.66999816894531,35.75,33.974998474121094,34.202999114990234
2025-04-09,34.59000015258789,36.790000915527344,34.534000396728516,36.595001220703125
2025-04-10,35.38999938964844,36.10300064086914,35.25299835205078,35.63600158691406
2025-04-11,35.529998779296875,36.22200012207031,35.060001373291016,36.11199951171875
2025-04-14,36.38999938964844,36.564998626708984,36.20000076293945,36.375999450683594
2025-04-15,36.529998779296875,36.529998779296875,36.34000015258789,36.35499954223633
2025-04-16,36.04499816894531,36.20000076293945,35.529998779296875,35.784000396728516
2025-04-17,35.9900016784668,36.02000045776367,35.854000091552734,35.854000091552734
2025-04-21,35.58000183105469,35.58000183105469,35.060001373291016,35.33300018310547
2025-04-22,35.75,36.060001373291016,35.630001068115234,35.93299865722656
2025-04-23,36.68000030517578,36.77799987792969,36.2599983215332,36.35599899291992
2025-04-24,36.529998779296875,36.83000183105469,36.52000045776367,36.8129997253418
2025-04-25,36.810001373291016,36.97999954223633,36.75299835205078,36.96500015258789
2025-04-28,37.06999969482422,37.06999969482422,36.72999954223633,37.02000045776367
2025-04-29,37.040000915527344,37.189998626708984,36.91899871826172,37.14699935913086
2025-04-30,36.709999084472656,37.20000076293945,36.68000030517578,37.20000076293945
2025-05-01,37.43000030517578,37.56999969482422,37.2599983215332,37.2599983215332
2025-05-02,37.65999984741211,37.722999572753906,37.619998931884766,37.722999572753906
2025-05-05,37.83000183105469,37.83000183105469,37.71799850463867,37.71799850463867
2025-05-06,37.55500030517578,37.65999984741211,37.459999084472656,37.547000885009766
2025-05-07,37.56999969482422,37.62300109863281,37.56999969482422,37.62300109863281
2025-05-08,38.09000015258789,38.09000015258789,37.79600143432617,37.79600143432617
2025-05-09,37.80500030517578,37.80500030517578,37.76499938964844,37.76499938964844
2025-05-12,38.55500030517578,38.57500076293945,38.55500030517578,38.57400131225586
2025-05-13,38.77000045776367,38.821998596191406,38.77000045776367,38.821998596191406
2025-05-14,38.790000915527344,38.93000030517578,38.790000915527344,38.84600067138672
2025-05-15,38.70000076293945,39.06999969482422,38.70000076293945,38.9900016784668
2025-05-16,39.220001220703125,39.22999954223633,39.18000030517578,39.18000030517578
2025-05-19,38.915000915527344,39.26499938964844,38.915000915527344,39.20899963378906
2025-05-20,39.06999969482422,39.099998474121094,39.06999969482422,39.099998474121094
2025-05-21,38.65999984741211,38.65999984741211,38.65999984741211,38.65999984741211
2025-05-22,38.63100051879883,38.63100051879883,38.63100051879883,38.63100051879883
2025-05-23,38.44599914550781,38.44599914550781,38.44599914550781,38.44599914550781
2025-05-27,38.689998626708984,38.98899841308594,38.689998626708984,38.98899841308594
2025-05-28,39.0099983215332,39.0099983215332,38.84299850463867,38.84299850463867
2025-05-29,38.95000076293945,38.95000076293945,38.944000244140625,38.944000244140625
2025-05-30,38.56999969482422,38.972999572753906,38.56999969482422,38.972999572753906
2025-06-02,38.91999816894531,39.03799819946289,38.91999816894531,39.03799819946289
2025-06-03,39.24100112915039,39.24100112915039,39.24100112915039,39.24100112915039
2025-06-04,39.24300003051758,39.24300003051758,39.24300003051758,39.24300003051758
2025-06-05,39.209999084472656,39.2599983215332,39.055999755859375,39.055999755859375
2025-06-06,39.400001525878906,39.400001525878906,39.34000015258789,39.39500045776367
2025-06-09,39.409000396728516,39.409000396728516,39.409000396728516,39.409000396728516
2025-06-10,39.38999938964844,39.56999969482422,39.38999938964844,39.56999969482422
2025-06-11,39.486000061035156,39.486000061035156,39.486000061035156,39.486000061035156
2025-06-12,39.59299850463867,39.59299850463867,39.59299850463867,39.59299850463867
2025-06-13,39.459999084472656,39.459999084472656,39.209999084472656,39.26100158691406
2025-06-16,39.540000915527344,39.540000915527344,39.540000915527344,39.540000915527344
2025-06-17,39.44200134277344,39.44200134277344,39.3129997253418,39.3129997253418
2025-06-18,39.36000061035156,39.36000061035156,39.26599884033203,39.26599884033203
2025-06-20,39.21500015258789,39.21500015258789,39.21500015258789,39.21500015258789
2025-06-23,39.16999816894531,39.50400161743164,39.16999816894531,39.50400161743164
2025-06-24,39.86000061035156,39.869998931884766,39.86000061035156,39.869998931884766
2025-06-25,39.854000091552734,39.854000091552734,39.854000091552734,39.854000091552734
2025-06-26,40.04999923706055,40.108001708984375,40.04999923706055,40.108001708984375
2025-06-27,40.29899978637695,40.29899978637695,40.29899978637695,40.29899978637695
2025-06-30,40.349998474121094,40.48500061035156,40.349998474121094,40.48500061035156
2025-07-01,40.45000076293945,40.4900016784668,40.38999938964844,40.44300079345703
2025-07-02,40.52000045776367,40.5890007019043,40.52000045776367,40.5890007019043
2025-07-03,40.86000061035156,40.86199951171875,40.86000061035156,40.86199951171875
2025-07-07,40.59000015258789,40.595001220703125,40.54999923706055,40.595001220703125
2025-07-08,40.61000061035156,40.61000061035156,40.57099914550781,40.57099914550781
2025-07-09,40.77299880981445,40.77299880981445,40.77299880981445,40.77299880981445
2025-07-10,40.810001373291016,40.900001525878906,40.810001373291016,40.87200164794922
2025-07-11,40.7599983215332,40.7599983215332,40.75400161743164,40.75400161743164
2025-07-14,40.7599983215332,40.816001892089844,40.72999954223633,40.816001892089844
2025-07-15,40.77000045776367,40.779998779296875,40.69300079345703,40.69300079345703
2025-07-16,40.65999984741211,40.78200149536133,40.564998626708984,40.78200149536133
2025-07-17,40.94900131225586,40.94900131225586,40.94900131225586,40.94900131225586
2025-07-18,40.970001220703125,40.970001220703125,40.970001220703125,40.970001220703125
2025-07-21,41.150001525878906,41.150001525878906,41.02299880981445,41.02299880981445
2025-07-22,41.0,41.07500076293945,41.0,41.07500076293945
2025-07-23,41.07099914550781,41.28300094604492,41.07099914550781,41.28300094604492
2025-07-24,41.33000183105469,41.35499954223633,41.33000183105469,41.35100173950195
2025-07-25,41.382999420166016,41.474998474121094,41.382999420166016,41.474998474121094
2025-07-28,41.46799850463867,41.46799850463867,41.46799850463867,41.46799850463867
2025-07-29,41.470001220703125,41.470001220703125,41.37300109863281,41.37300109863281
2025-07-30,41.297000885009766,41.297000885009766,41.297000885009766,41.297000885009766
2025-07-31,41.46200180053711,41.58000183105469,41.349998474121094,41.3650016784668
2025-08-01,40.5099983215332,40.652000427246094,40.459999084472656,40.652000427246094
2025-08-04,41.066001892089844,41.066001892089844,41.066001892089844,41.066001892089844
2025-08-05,40.939998626708984,40.959999084472656,40.90399932861328,40.90399932861328
2025-08-06,40.9900016784668,41.12699890136719,40.959999084472656,41.12699890136719
2025-08-07,40.95000076293945,41.06399917602539,40.95000076293945,41.06399917602539
2025-08-08,41.375999450683594,41.375999450683594,41.375999450683594,41.375999450683594
2025-08-11,41.209999084472656,41.36000061035156,41.209999084472656,41.32500076293945
2025-08-12,41.34000015258789,41.619998931884766,41.34000015258789,41.59000015258789
2025-08-13,41.73699951171875,41.73699951171875,41.73699951171875,41.73699951171875
2025-08-14,41.75,41.75,41.720001220703125,41.722999572753906
2025-08-15,41.75,41.75,41.66400146484375,41.66400146484375
2025-08-18,41.683998107910156,41.683998107910156,41.683998107910156,41.683998107910156
2025-08-19,41.54999923706055,41.54999923706055,41.48099899291992,41.48099899291992
2025-08-20,41.25,41.41999816894531,41.25,41.41999816894531
2025-08-21,41.27000045776367,41.316001892089844,41.27000045776367,41.316001892089844
2025-08-22,41.76100158691406,41.76100158691406,41.76100158691406,41.76100158691406
2025-08-25,41.59000015258789,41.67499923706055,41.59000015258789,41.67499923706055
2025-08-26,41.797000885009766,41.797000885009766,41.797000885009766,41.797000885009766
2025-08-27,41.75,41.88600158691406,41.75,41.88600158691406
2025-08-28,41.98400115966797,41.98400115966797,41.98400115966797,41.98400115966797
2025-08-29,41.63999938964844,41.810001373291016,41.63999938964844,41.74800109863281
2025-09-02,41.369998931884766,41.55699920654297,41.349998474121094,41.55699920654297
2025-09-03,41.74599838256836,41.74599838256836,41.74599838256836,41.74599838256836
2025-09-04,42.00899887084961,42.00899887084961,42.00899887084961,42.00899887084961
2025-09-05,41.93000030517578,42.0,41.900001525878906,41.900001525878906
2025-09-08,41.91999816894531,41.974998474121094,41.65999984741211,41.974998474121094
2025-09-09,42.029998779296875,42.029998779296875,42.029998779296875,42.029998779296875
2025-09-10,42.279998779296875,42.279998779296875,42.189998626708984,42.189998626708984
2025-09-11,42.22999954223633,42.46900177001953,42.22999954223633,42.46900177001953
2025-09-12,42.400001525878906,42.46500015258789,42.400001525878906,42.46500015258789
2025-09-15,42.5099983215332,42.611000061035156,42.5099983215332,42.611000061035156
2025-09-16,42.560001373291016,42.57500076293945,42.560001373291016,42.57500076293945
2025-09-17,42.513999938964844,42.513999938964844,42.513999938964844,42.513999938964844
2025-09-18,42.707000732421875,42.707000732421875,42.707000732421875,42.707000732421875
2025-09-19,42.74300003051758,42.875999450683594,42.74300003051758,42.875999450683594
2025-09-22,43.03300094604492,43.03300094604492,43.03300094604492,43.03300094604492
2025-09-23,42.78499984741211,42.834999084472656,42.78499984741211,42.834999084472656
2025-09-24,42.779998779296875,42.779998779296875,42.73400115966797,42.73400115966797
2025-09-25,42.58000183105469,42.58000183105469,42.58000183105469,42.58000183105469
2025-09-26,42.630001068115234,42.77199935913086,42.630001068115234,42.77199935913086
2025-09-29,42.779998779296875,42.84700012207031,42.7400016784668,42.84700012207031
2025-09-30,42.91999816894531,42.99800109863281,42.91999816894531,42.99800109863281
2025-10-01,42.95000076293945,43.11399841308594,42.81999969482422,43.11399841308594
2025-10-02,43.13800048828125,43.13800048828125,43.13800048828125,43.13800048828125
2025-10-03,43.12699890136719,43.12699890136719,43.12699890136719,43.12699890136719
2025-10-06,43.26599884033203,43.26599884033203,43.26599884033203,43.26599884033203
2025-10-07,43.124000549316406,43.124000549316406,43.124000549316406,43.124000549316406
2025-10-08,43.2400016784668,43.33000183105469,43.22999954223633,43.33000183105469
2025-10-09,43.21799850463867,43.21799850463867,43.21799850463867,43.21799850463867
2025-10-10,42.354000091552734,42.354000091552734,42.354000091552734,42.354000091552734
2025-10-13,42.82400131225586,42.82400131225586,42.82400131225586,42.82400131225586
2025-10-14,42.75899887084961,42.75899887084961,42.75899887084961,42.75899887084961
2025-10-15,42.84600067138672,42.84600067138672,42.84600067138672,42.84600067138672
2025-10-16,43.02000045776367,43.02000045776367,42.619998931884766,42.65800094604492
2025-10-17,42.689998626708984,42.9010009765625,42.689998626708984,42.867000579833984
2025-10-20,43.23400115966797,43.23400115966797,43.23400115966797,43.23400115966797
